Rk,Player,Nation,Pos,Squad,Age,Born,90s,Cmp,Att,TCmp%,TotDist,PrgDist,Cmp,Att,Cmp%,Cmp,Att,Cmp%,Cmp,Att,Cmp%,Ast,xA,A-xA,KP,1/3,PPA,CrsPA,Prog,Matches
1,Max Aarons\774cf58b,eng ENG,DF,Norwich City,21,2000,32.0,1087,1440,75.5,18371,6874,560,622,90.0,419,544,77.0,98,217,45.2,2,1.4,+0.6,19,50,36,8,94,Matches
2,Che Adams\f2bf1b0f,sct SCO,FW,Southampton,25,1996,22.7,337,484,69.6,5275,1087,187,240,77.9,101,135,74.8,30,53,56.6,3,2.6,+0.4,26,22,13,1,35,Matches
3,Rayan Aït Nouri\9b398aea,fr FRA,DF,Wolves,20,2001,20.3,754,1003,75.2,13088,4592,385,420,91.7,288,366,78.7,76,174,43.7,2,1.3,+0.7,17,29,15,9,49,Matches
4,Kristoffer Ajer\a8c0acb7,no NOR,DF,Brentford,23,1998,22.2,629,873,72.1,11601,5267,245,296,82.8,295,370,79.7,74,153,48.4,3,1.4,+1.6,6,48,10,1,75,Matches
5,Nathan Aké\eaeca114,nl NED,DF,Manchester City,26,1995,10.3,780,855,91.2,14444,4178,331,351,94.3,364,395,92.2,80,98,81.6,0,0.5,-0.5,2,53,3,0,31,Matches
6,Marc Albrighton\b827d5b3,eng ENG,FWDF,Leicester City,31,1989,12.6,345,551,62.6,5530,2373,200,235,85.1,114,172,66.3,24,106,22.6,2,1.7,+0.3,12,21,11,5,32,Matches
7,Thiago Alcántara\77e84962,es ESP,MF,Liverpool,30,1991,17.0,1325,1479,89.6,28007,7322,455,492,92.5,611,657,93.0,248,300,82.7,4,2.3,+1.7,28,199,22,1,175,Matches
8,Trent Alexander-Arnold\cd1acf9d,eng ENG,DF,Liverpool,22,1998,31.7,2013,2706,74.4,44509,18154,727,826,88.0,813,1010,80.5,451,786,57.4,12,11.2,+0.8,89,231,89,26,278,Matches
9,Alisson\7a2e46a8,br BRA,GK,Liverpool,28,1992,36.0,1178,1360,86.6,31704,17522,181,184,98.4,655,662,98.9,338,510,66.3,1,0.4,+0.6,2,13,0,0,0,Matches
10,Allan\cc700722,br BRA,MF,Everton,30,1991,24.3,757,967,78.3,14541,4232,284,332,85.5,354,426,83.1,99,157,63.1,2,0.9,+1.1,15,100,19,2,106,Matches
11,Dele Alli\cea4ee8f,eng ENG,MFFW,Tottenham,25,1996,7.3,167,214,78.0,2687,651,94,108,87.0,56,69,81.2,14,27,51.9,0,0.8,-0.8,2,13,5,0,19,Matches
12,Dele Alli\cea4ee8f,eng ENG,MF,Everton,25,1996,3.8,114,152,75.0,1873,511,51,67,76.1,44,52,84.6,11,18,61.1,0,0.3,-0.3,7,10,4,1,12,Matches
13,Miguel Almirón\862a1c15,py PAR,MFFW,Newcastle Utd,27,1994,19.1,406,505,80.4,6222,1461,224,254,88.2,139,169,82.2,28,46,60.9,0,0.7,-0.7,16,22,9,2,38,Matches
14,Marcos Alonso\f4290206,es ESP,DF,Chelsea,30,1990,24.1,1132,1456,77.7,19695,6764,556,629,88.4,448,532,84.2,108,235,46.0,4,4.6,-0.6,44,68,33,15,107,Matches
15,Steven Alzate\ad1f61f3,co COL,MF,Brighton,22,1998,4.5,207,234,88.5,3619,900,92,102,90.2,85,90,94.4,24,32,75.0,0,0.2,-0.2,3,17,3,1,17,Matches
16,Daniel Amartey\1a4ef233,gh GHA,DF,Leicester City,26,1994,23.6,1353,1475,91.7,27707,7913,405,428,94.6,751,788,95.3,186,230,80.9,0,0.2,-0.2,3,55,0,0,59,Matches
17,Joachim Andersen\e34fc66d,dk DEN,DF,Crystal Palace,25,1996,32.4,1813,2197,82.5,47245,14431,326,367,88.8,962,1034,93.0,518,779,66.5,3,2.0,+1.0,20,159,12,3,93,Matches
18,Michail Antonio\ac05f970,jm JAM,FW,West Ham,31,1990,33.0,466,708,65.8,7552,1461,256,333,76.9,145,213,68.1,45,84,53.6,8,6.6,+1.4,46,26,32,13,43,Matches
19,Cameron Archer\05e8ca6d,eng ENG,MFFW,Aston Villa,19,2001,0.3,5,5,100.0,91,28,1,1,100.0,4,4,100.0,0,0,,0,0.0,0.0,0,0,1,0,3,Matches
20,Alphonse Areola\2f965a72,fr FRA,GK,West Ham,28,1993,1.0,20,41,48.8,768,546,0,0,,9,9,100.0,11,32,34.4,0,0.0,0.0,0,0,0,0,0,Matches
21,Adam Armstrong\68c720b5,eng ENG,FW,Southampton,24,1997,15.7,223,315,70.8,3764,609,106,136,77.9,96,127,75.6,16,32,50.0,2,1.7,+0.3,12,14,13,0,26,Matches
22,Stuart Armstrong\97333cf5,sct SCO,MF,Southampton,29,1992,16.4,583,734,79.4,9335,2293,304,366,83.1,218,254,85.8,43,69,62.3,0,1.4,-1.4,25,39,24,5,68,Matches
23,Kepa Arrizabalaga\28d596a0,es ESP,GK,Chelsea,26,1994,4.0,115,139,82.7,2763,1294,28,28,100.0,59,59,100.0,27,51,52.9,0,0.0,0.0,0,1,0,0,0,Matches
24,Harrison Ashby\b391383a,sct SCO,DF,West Ham,19,2001,0.1,7,8,87.5,142,18,2,2,100.0,4,5,80.0,1,1,100.0,0,0.0,0.0,0,0,0,0,0,Matches
25,Pierre-Emerick Aubameyang\d5dd5f1f,ga GAB,FW,Arsenal,32,1989,11.5,145,205,70.7,2016,383,94,117,80.3,40,62,64.5,8,14,57.1,1,0.8,+0.2,9,4,10,1,13,Matches
26,Jordan Ayew\da052c14,gh GHA,FW,Crystal Palace,29,1991,22.4,570,745,76.5,8666,1732,326,368,88.6,197,245,80.4,33,79,41.8,3,2.3,+0.7,21,29,15,5,48,Matches
27,Luke Ayling\420d7c7d,eng ENG,DF,Leeds United,29,1991,25.2,1218,1558,78.2,25686,10984,440,500,88.0,554,648,85.5,214,366,58.5,2,0.8,+1.2,8,99,11,4,125,Matches
28,César Azpilicueta\53cad200,es ESP,DF,Chelsea,31,1989,23.0,1442,1713,84.2,24337,9312,707,779,90.8,628,709,88.6,95,176,54.0,2,2.1,-0.1,18,107,20,3,124,Matches
29,Daniel Bachmann\1c0eea98,at AUT,GK,Watford,27,1994,12.0,211,357,59.1,8151,5656,21,21,100.0,79,82,96.3,111,254,43.7,0,0.0,0.0,0,9,0,0,0,Matches
30,Leon Bailey\3a233281,jm JAM,FWMF,Aston Villa,23,1997,8.5,149,224,66.5,2621,580,71,83,85.5,52,74,70.3,20,45,44.4,2,0.6,+1.4,8,4,11,3,20,Matches
31,Eric Bailly\a1232f4e,ci CIV,DF,Manchester Utd,27,1994,2.4,64,80,80.0,1365,459,24,26,92.3,26,30,86.7,14,22,63.6,0,0.0,0.0,0,2,0,0,3,Matches
32,Folarin Balogun\31822f8c,eng ENG,FW,Arsenal,20,2001,0.8,4,8,50.0,60,6,2,4,50.0,2,3,66.7,0,1,0.0,0,0.0,0.0,0,0,0,0,0,Matches
33,Patrick Bamford\93feac6e,eng ENG,FW,Leeds United,27,1993,6.2,85,103,82.5,1349,211,48,53,90.6,26,31,83.9,9,13,69.2,2,1.0,+1.0,6,6,5,2,7,Matches
34,Shandon Baptiste\2886c9b5,gd GRN,MF,Brentford,23,1998,10.1,254,305,83.3,4349,887,126,142,88.7,93,109,85.3,27,39,69.2,1,0.5,+0.5,9,22,6,1,21,Matches
35,Ross Barkley\3a24769f,eng ENG,MF,Chelsea,27,1993,2.0,105,127,82.7,1714,381,59,64,92.2,30,38,78.9,12,15,80.0,0,0.7,-0.7,8,6,7,0,11,Matches
36,Ashley Barnes\2691c772,eng ENG,FW,Burnley,31,1989,9.0,130,199,65.3,1877,537,79,105,75.2,37,59,62.7,9,18,50.0,0,1.6,-1.6,10,18,5,2,19,Matches
37,Harvey Barnes\3ea50f67,eng ENG,FWMF,Leicester City,23,1997,23.3,557,751,74.2,8019,2337,336,405,83.0,179,245,73.1,24,53,45.3,10,4.0,+6.0,29,28,28,2,74,Matches
38,Lewis Bate\cd4256d3,eng ENG,MF,Leeds United,18,2002,1.6,41,54,75.9,556,138,26,32,81.3,10,12,83.3,2,5,40.0,0,0.0,0.0,0,2,0,0,4,Matches
39,Mads Bech Sørensen\30db8574,dk DEN,DF,Brentford,22,1999,9.3,388,500,77.6,8013,3011,130,152,85.5,189,223,84.8,65,110,59.1,0,0.4,-0.4,7,21,4,3,15,Matches
40,Jan Bednarek\4115ce4e,pl POL,DF,Southampton,25,1996,29.2,1185,1431,82.8,24493,7355,395,434,91.0,605,674,89.8,171,295,58.0,0,0.6,-0.6,6,75,1,1,51,Matches
41,Donny van de Beek\50dc94ce,nl NED,MF,Manchester Utd,24,1997,0.8,25,32,78.1,385,184,14,18,77.8,8,10,80.0,2,2,100.0,0,0.5,-0.5,3,2,2,0,3,Matches
42,Donny van de Beek\50dc94ce,nl NED,MF,Everton,24,1997,5.4,202,241,83.8,3132,897,104,118,88.1,80,88,90.9,10,23,43.5,0,0.1,-0.1,2,15,3,0,14,Matches
43,Asmir Begović\7b4de647,ba BIH,GK,Everton,34,1987,3.0,35,84,41.7,1599,1285,2,2,100.0,10,10,100.0,23,71,32.4,0,0.0,0.0,0,1,0,0,0,Matches
44,Saïd Benrahma\5a04fd92,dz ALG,FWMF,West Ham,25,1995,24.1,625,831,75.2,9864,2270,369,428,86.2,191,252,75.8,47,94,50.0,6,3.2,+2.8,31,33,32,12,61,Matches
45,Rodrigo Bentancur\3b8674e6,uy URU,MF,Tottenham,24,1997,15.1,905,1015,89.2,17316,3449,359,385,93.2,401,434,92.4,127,155,81.9,4,2.3,+1.7,15,81,7,2,68,Matches
46,Christian Benteke\ab070c55,be BEL,FW,Crystal Palace,30,1990,12.7,205,300,68.3,3169,582,117,158,74.1,60,96,62.5,19,27,70.4,1,1.1,-0.1,11,11,10,1,17,Matches
47,Jóhann Berg Guðmundsson\f72293fc,is ISL,MF,Burnley,30,1990,12.2,218,345,63.2,3487,903,134,165,81.2,58,89,65.2,22,63,34.9,1,0.3,+0.7,6,6,12,11,13,Matches
48,Steven Bergwijn\a29b1131,nl NED,FWMF,Tottenham,23,1997,6.3,148,178,83.1,2056,420,94,102,92.2,40,50,80.0,6,11,54.5,1,0.7,+0.3,8,8,10,0,15,Matches
49,Ryan Bertrand\01226327,eng ENG,DF,Leicester City,31,1989,3.7,154,191,80.6,2609,1077,75,81,92.6,65,78,83.3,9,18,50.0,0,0.3,-0.3,2,11,1,0,7,Matches
50,Mads Bidstrup\407db0d5,dk DEN,MF,Brentford,20,2001,0.5,8,11,72.7,142,17,5,6,83.3,2,4,50.0,1,1,100.0,0,0.0,0.0,0,0,0,0,0,Matches
51,Yves Bissouma\6c203af0,ml MLI,MF,Brighton,24,1996,23.5,1061,1183,89.7,19784,3639,456,499,91.4,452,486,93.0,139,170,81.8,2,0.8,+1.2,8,70,12,0,52,Matches
52,Willy Boly\a4ac4b8f,ci CIV,DF,Wolves,30,1991,10.0,450,541,83.2,8974,3526,158,170,92.9,225,252,89.3,61,107,57.0,0,0.1,-0.1,1,17,0,0,15,Matches
53,Jarrod Bowen\79c84d1c,eng ENG,FW,West Ham,24,1996,33.1,586,862,68.0,10912,2894,278,345,80.6,183,245,74.7,104,206,50.5,10,5.7,+4.3,42,28,27,5,53,Matches
54,Jarrad Branthwaite\c1949191,eng ENG,DF,Everton,19,2002,4.3,85,116,73.3,1591,657,39,47,83.0,35,45,77.8,10,20,50.0,0,0.0,0.0,0,7,1,0,7,Matches
55,Armando Broja\97220da2,al ALB,FW,Southampton,19,2001,21.9,250,404,61.9,3086,630,162,232,69.8,62,117,53.0,5,13,38.5,0,1.3,-1.3,8,19,2,0,18,Matches
56,Josh Brownhill\47369df8,eng ENG,MF,Burnley,25,1995,32.8,900,1191,75.6,15616,4285,459,546,84.1,307,390,78.7,111,198,56.1,3,2.5,+0.5,40,77,21,1,92,Matches
57,Lewis Brunt\a2081c6b,eng ENG,MF,Leicester City,20,2000,0.3,21,21,100.0,441,20,8,8,100.0,10,10,100.0,3,3,100.0,0,0.0,0.0,0,1,0,0,0,Matches
58,Bryan\7b5ab7f2,es ESP,FWMF,Tottenham,20,2001,1.0,49,63,77.8,764,240,29,35,82.9,15,19,78.9,4,5,80.0,0,0.1,-0.1,2,1,3,2,2,Matches
59,Emi Buendía\66b76d44,ar ARG,FWMF,Aston Villa,24,1996,21.1,697,876,79.6,11280,3006,363,424,85.6,246,297,82.8,61,101,60.4,6,5.5,+0.5,45,63,41,3,108,Matches
60,Dan Burn\b2d31e83,eng ENG,DF,Newcastle Utd,29,1992,16.0,460,574,80.1,9471,2564,136,162,84.0,250,285,87.7,65,109,59.6,1,0.1,+0.9,2,27,1,0,27,Matches
61,Dan Burn\b2d31e83,eng ENG,DF,Brighton,29,1992,11.4,507,623,81.4,11085,2931,124,151,82.1,276,312,88.5,100,145,69.0,0,0.0,0.0,1,43,2,0,36,Matches
62,Jack Butland\cc70a1d5,eng ENG,GK,Crystal Palace,28,1993,8.5,205,279,73.5,5079,2568,56,56,100.0,103,105,98.1,45,117,38.5,0,0.0,0.0,0,2,0,0,0,Matches
63,Sam Byram\1bf811d4,eng ENG,DF,Norwich City,27,1993,11.4,380,486,78.2,6385,2056,187,217,86.2,156,194,80.4,30,54,55.6,0,0.2,-0.2,4,13,4,0,25,Matches
64,Willy Caballero\a179d516,ar ARG,GK,Southampton,39,1981,2.0,39,59,66.1,1548,1209,4,4,100.0,14,14,100.0,21,41,51.2,0,0.0,0.0,0,0,0,0,0,Matches
65,Moisés Caicedo\16264a81,ec ECU,MF,Brighton,19,2001,7.3,224,274,81.8,3494,876,119,138,86.2,77,98,78.6,20,28,71.4,1,0.4,+0.6,5,14,3,0,21,Matches
66,Dominic Calvert-Lewin\59e6e5bf,eng ENG,FW,Everton,24,1997,14.3,180,292,61.6,2199,459,115,177,65.0,36,68,52.9,9,12,75.0,2,1.8,+0.2,12,10,5,0,12,Matches
67,Chem Campbell\6f711f67,wls WAL,MF,Wolves,18,2002,0.1,9,10,90.0,110,23,7,8,87.5,2,2,100.0,0,0,,0,0.0,0.0,0,0,0,0,0,Matches
68,João Cancelo\bd6351cd,pt POR,DF,Manchester City,27,1994,35.9,2752,3282,83.9,49380,14430,1304,1412,92.4,1132,1306,86.7,297,482,61.6,7,5.1,+1.9,39,266,95,13,274,Matches
69,Sergi Canós\1137759d,es ESP,DF,Brentford,24,1997,23.1,452,748,60.4,7966,3379,228,289,78.9,159,237,67.1,55,164,33.5,2,1.9,+0.1,17,44,26,10,77,Matches
70,Todd Cantwell\f63d8a4b,eng ENG,FWMF,Norwich City,23,1998,4.9,127,154,82.5,2078,457,61,70,87.1,50,60,83.3,11,16,68.8,0,0.2,-0.2,2,9,2,0,10,Matches
71,Matty Cash\2389cdc2,pl POL,DF,Aston Villa,23,1997,37.5,1120,1586,70.6,20851,8091,482,556,86.7,477,604,79.0,139,361,38.5,3,1.9,+1.1,25,68,29,14,91,Matches
72,Timothy Castagne\197640fd,be BEL,DF,Leicester City,25,1995,23.6,1068,1292,82.7,18149,6480,527,592,89.0,439,519,84.6,90,140,64.3,0,1.3,-1.3,14,65,14,6,69,Matches
73,Jonny Castro\e28868f3,es ESP,DF,Wolves,27,1994,11.4,506,600,84.3,8940,2616,231,260,88.8,213,244,87.3,53,71,74.6,0,1.2,-1.2,10,20,9,4,31,Matches
74,Craig Cathcart\89e4b358,nir NIR,DF,Watford,32,1989,26.6,742,917,80.9,17605,5044,176,199,88.4,393,451,87.1,169,253,66.8,1,0.3,+0.7,2,47,5,1,40,Matches
75,Edinson Cavani\527f063d,uy URU,FW,Manchester Utd,34,1987,8.5,180,225,80.0,2736,344,111,128,86.7,50,67,74.6,11,19,57.9,1,1.4,-0.4,8,4,1,0,9,Matches
76,Kayky Chagas\17734ea0,br BRA,FW,Manchester City,18,2003,0.1,2,2,100.0,32,0,1,1,100.0,1,1,100.0,0,0,,0,0.0,0.0,0,0,0,0,0,Matches
77,Trevoh Chalobah\5515376c,eng ENG,DF,Chelsea,22,1999,16.1,1138,1239,91.8,20653,5698,449,475,94.5,586,616,95.1,98,136,72.1,1,0.2,+0.8,3,103,6,0,54,Matches
78,Calum Chambers\dc6f5bdd,eng ENG,DF,Arsenal,26,1995,1.9,81,98,82.7,1499,490,35,38,92.1,36,42,85.7,10,17,58.8,0,0.1,-0.1,1,5,1,1,9,Matches
79,Calum Chambers\dc6f5bdd,eng ENG,DF,Aston Villa,26,1995,9.2,384,460,83.5,8361,2650,106,120,88.3,208,227,91.6,67,106,63.2,0,0.1,-0.1,2,33,5,0,24,Matches
80,Daniel Chesters\240c8ab6,eng ENG,MF,West Ham,19,2002,0.0,0,0,,0,0,0,0,,0,0,,0,0,,0,0.0,0.0,0,0,0,0,0,Matches
81,Ben Chilwell\d2424d1b,eng ENG,DF,Chelsea,24,1996,6.0,265,344,77.0,4218,1153,133,146,91.1,110,132,83.3,16,47,34.0,1,0.9,+0.1,10,7,6,1,13,Matches
82,Chiquinho\dc6c2f02,pt POR,DFMF,Wolves,21,2000,2.3,72,108,66.7,1251,478,43,53,81.1,17,29,58.6,11,18,61.1,3,0.6,+2.4,5,5,5,4,10,Matches
83,Hamza Choudhury\7d2d3329,eng ENG,DFMF,Leicester City,23,1997,3.2,129,158,81.6,2277,536,62,70,88.6,47,57,82.5,17,24,70.8,0,0.0,0.0,0,2,0,0,5,Matches
84,Andreas Christensen\1cb49278,dk DEN,DF,Chelsea,25,1996,16.6,1166,1276,91.4,23812,6931,377,402,93.8,590,628,93.9,188,227,82.8,0,0.2,-0.2,5,94,7,1,69,Matches
85,Carney Chukwuemeka\b2f9c73e,eng ENG,MFFW,Aston Villa,17,2004,3.3,98,120,81.7,1461,245,50,60,83.3,40,44,90.9,5,7,71.4,1,1.0,0.0,2,2,0,0,3,Matches
86,Ciaran Clark\2b91cf8e,ie IRL,DF,Newcastle Utd,31,1989,11.3,276,348,79.3,5333,1582,90,103,87.4,149,169,88.2,32,66,48.5,1,0.3,+0.7,4,12,1,1,15,Matches
87,Tom Cleverley\6cdd8245,eng ENG,MF,Watford,31,1989,18.0,461,626,73.6,7829,2352,227,263,86.3,163,205,79.5,53,127,41.7,2,2.0,0.0,19,41,11,4,43,Matches
88,Nathaniel Clyne\0442183b,eng ENG,DF,Crystal Palace,30,1991,15.0,563,718,78.4,9677,3450,258,284,90.8,258,316,81.6,40,92,43.5,1,0.5,+0.5,6,24,9,4,22,Matches
89,Conor Coady\2928dca2,eng ENG,DF,Wolves,28,1993,37.3,1471,1632,90.1,36772,10454,216,233,92.7,853,889,96.0,394,492,80.1,0,0.0,0.0,2,50,4,0,44,Matches
90,Séamus Coleman\0420d84f,ie IRL,DF,Everton,32,1988,29.5,913,1237,73.8,16388,7499,428,488,87.7,370,497,74.4,105,218,48.2,0,1.1,-1.1,12,91,25,11,84,Matches
91,Nathan Collins\a8c19eb8,ie IRL,DF,Burnley,20,2001,18.6,463,642,72.1,10217,3911,133,171,77.8,226,273,82.8,95,181,52.5,0,0.9,-0.9,7,41,5,1,45,Matches
92,Aaron Connolly\27c01749,ie IRL,FW,Brighton,21,2000,1.7,15,18,83.3,212,10,9,11,81.8,6,7,85.7,0,0,,0,0.4,-0.4,1,0,0,0,0,Matches
93,Liam Cooper\dc64b8b3,sct SCO,DF,Leeds United,29,1991,20.2,958,1123,85.3,20675,6397,254,283,89.8,542,581,93.3,152,238,63.9,1,0.1,+0.9,3,34,0,0,44,Matches
94,Jack Cork\74e12f1e,eng ENG,MF,Burnley,32,1989,18.6,432,573,75.4,7724,1982,212,266,79.7,143,182,78.6,64,92,69.6,0,0.1,-0.1,5,43,7,2,39,Matches
95,Maxwel Cornet\beb391dd,ci CIV,FWMF,Burnley,24,1996,19.6,285,434,65.7,4210,978,160,218,73.4,80,107,74.8,22,61,36.1,1,1.5,-0.5,14,9,14,5,23,Matches
96,Hélder Costa\f13d02a6,ao ANG,MF,Leeds United,27,1994,0.2,4,4,100.0,65,0,3,3,100.0,1,1,100.0,0,0,,0,0.0,0.0,0,0,0,0,0,Matches
97,Vladimír Coufal\fdf3cb77,cz CZE,DF,West Ham,28,1992,24.5,982,1417,69.3,16708,7662,465,549,84.7,419,572,73.3,80,230,34.8,4,2.4,+1.6,20,64,31,17,105,Matches
98,Philippe Coutinho\0ef89a37,br BRA,MFFW,Aston Villa,29,1992,14.8,527,641,82.2,9021,2278,271,309,87.7,187,216,86.6,55,84,65.5,3,3.2,-0.2,25,68,13,3,60,Matches
99,Aaron Cresswell\4f974391,eng ENG,DF,West Ham,31,1989,30.3,1641,2047,80.2,29789,12432,733,791,92.7,711,807,88.1,179,382,46.9,3,3.2,-0.2,35,127,24,8,155,Matches
100,Charlie Cresswell\4654e5f5,eng ENG,DF,Leeds United,18,2002,1.6,72,96,75.0,1599,476,17,19,89.5,42,46,91.3,13,30,43.3,0,0.0,0.0,0,3,0,0,5,Matches
101,Cucho\71b47ab9,co COL,FWMF,Watford,22,1999,12.7,254,394,64.5,4540,1604,126,164,76.8,80,115,69.6,39,80,48.8,2,1.9,+0.1,19,22,15,6,33,Matches
102,Marc Cucurella\1daec722,es ESP,DF,Brighton,23,1998,34.3,1895,2322,81.6,31827,11389,937,1032,90.8,770,894,86.1,152,281,54.1,1,2.7,-1.7,43,133,52,23,175,Matches
103,Luke Cundle\cc3b8e78,eng ENG,MF,Wolves,19,2002,2.0,96,106,90.6,1825,298,33,35,94.3,46,51,90.2,13,15,86.7,0,0.2,-0.2,2,9,2,0,7,Matches
104,Patson Daka\ca45605e,zm ZAM,FW,Leicester City,22,1998,12.9,172,223,77.1,2498,360,106,126,84.1,53,68,77.9,8,10,80.0,3,1.8,+1.2,12,7,4,1,12,Matches
105,Stuart Dallas\67ca8566,nir NIR,DFMF,Leeds United,30,1991,32.4,1312,1666,78.8,23028,8378,659,724,91.0,482,577,83.5,145,287,50.5,1,2.4,-1.4,34,113,29,5,128,Matches
106,Diogo Dalot\d9565625,pt POR,DF,Manchester Utd,22,1999,20.0,934,1171,79.8,18629,6793,363,418,86.8,430,508,84.6,137,222,61.7,0,1.0,-1.0,16,73,26,9,99,Matches
107,Karl Darlow\cde3309f,eng ENG,GK,Newcastle Utd,30,1990,8.0,152,253,60.1,6707,4585,15,15,100.0,41,42,97.6,96,195,49.2,0,0.0,0.0,0,10,0,0,0,Matches
108,Josh Dasilva\60344e4f,eng ENG,MFFW,Brentford,22,1998,2.9,71,88,80.7,1232,306,29,32,90.6,36,45,80.0,4,7,57.1,0,0.1,-0.1,2,6,4,1,7,Matches
109,Ben Davies\44781702,wls WAL,DF,Tottenham,28,1993,28.2,1375,1600,85.9,25844,8737,524,563,93.1,712,785,90.7,122,199,61.3,1,0.6,+0.4,8,124,14,0,117,Matches
110,Tom Davies\9228b07c,eng ENG,MF,Everton,23,1998,2.6,60,79,75.9,959,231,30,32,93.8,23,30,76.7,4,8,50.0,0,0.0,0.0,0,3,1,0,8,Matches
111,Keinan Davis\9deaf2c8,eng ENG,FW,Aston Villa,23,1998,0.1,3,3,100.0,49,30,1,1,100.0,2,2,100.0,0,0,,0,0.0,0.0,0,0,0,0,1,Matches
112,Craig Dawson\3e9e06cb,eng ENG,DF,West Ham,31,1990,30.6,1015,1234,82.3,23629,7149,288,316,91.1,472,522,90.4,247,375,65.9,2,0.5,+1.5,3,84,1,0,45,Matches
113,Kevin De Bruyne\e46012d4,be BEL,MF,Manchester City,30,1991,24.5,1172,1553,75.5,22303,6186,520,600,86.7,464,582,79.7,166,311,53.4,8,9.5,-1.5,88,132,67,9,157,Matches
114,Troy Deeney\82e34b69,eng ENG,FW,Watford,33,1988,0.3,3,6,50.0,38,16,2,4,50.0,1,1,100.0,0,0,,0,0.1,-0.1,1,1,0,0,1,Matches
115,Liam Delap\dd897ee7,eng ENG,FW,Manchester City,18,2003,0.1,1,1,100.0,15,5,1,1,100.0,0,0,,0,0,,0,0.0,0.0,0,0,0,0,0,Matches
116,Fabian Delph\111c3236,eng ENG,MF,Everton,31,1989,7.4,263,308,85.4,5253,1300,117,124,94.4,94,110,85.5,48,62,77.4,0,0.1,-0.1,3,33,2,0,26,Matches
117,Leander Dendoncker\5a7301ae,be BEL,MF,Wolves,26,1995,21.7,709,812,87.3,12399,2333,323,368,87.8,295,322,91.6,73,88,83.0,2,0.9,+1.1,10,44,4,0,37,Matches
118,Emmanuel Dennis\2c44a35d,ng NGA,FWMF,Watford,23,1997,28.7,431,633,68.1,6406,1891,255,329,77.5,125,180,69.4,32,56,57.1,6,3.2,+2.8,33,22,21,5,60,Matches
119,Kiernan Dewsbury Hall\5c74c0f5,eng ENG,MF,Leicester City,22,1998,23.4,941,1220,77.1,15939,4069,461,530,87.0,374,466,80.3,85,171,49.7,3,3.0,0.0,34,95,27,4,98,Matches
120,Ibrahima Diallo\11ff3d56,fr FRA,MF,Southampton,22,1999,11.4,357,438,81.5,6245,1432,171,204,83.8,149,171,87.1,29,42,69.0,2,1.0,+1.0,15,41,2,1,29,Matches
121,Raphael Dias Belloli\3423f250,br BRA,FWMF,Leeds United,24,1996,32.4,817,1281,63.8,15061,6139,386,471,82.0,281,404,69.6,117,310,37.7,3,6.8,-3.8,65,89,48,9,169,Matches
122,Rúben Dias\31c69ef1,pt POR,DF,Manchester City,24,1997,26.7,2097,2224,94.3,45031,11468,566,594,95.3,1189,1224,97.1,336,389,86.4,4,2.4,+1.6,12,182,4,0,106,Matches
123,Luis Díaz\4a1a9578,co COL,FW,Liverpool,24,1997,10.6,394,448,87.9,6196,1292,223,245,91.0,132,150,88.0,31,35,88.6,3,1.8,+1.2,16,18,22,3,41,Matches
124,Eric Dier\ac861941,eng ENG,DF,Tottenham,27,1994,34.1,1969,2226,88.5,44250,14510,492,525,93.7,1110,1175,94.5,362,506,71.5,0,1.4,-1.4,8,95,9,1,93,Matches
125,Lucas Digne\1b84dbe1,fr FRA,DF,Aston Villa,28,1993,14.1,632,823,76.8,9970,4476,360,397,90.7,200,260,76.9,55,125,44.0,4,2.0,+2.0,29,29,24,16,56,Matches
126,Lucas Digne\1b84dbe1,fr FRA,DF,Everton,28,1993,13.0,487,678,71.8,8548,4277,219,262,83.6,211,268,78.7,42,104,40.4,0,1.7,-1.7,20,29,12,4,49,Matches
127,Virgil van Dijk\e06683ca,nl NED,DF,Liverpool,30,1991,34.0,2287,2520,90.8,51299,16562,601,649,92.6,1233,1288,95.7,442,564,78.4,1,0.4,+0.6,6,169,4,0,104,Matches
128,Issa Diop\a712ca2b,fr FRA,DF,West Ham,24,1997,10.7,404,469,86.1,7678,2665,153,163,93.9,199,220,90.5,46,79,58.2,1,0.1,+0.9,1,16,0,0,15,Matches
129,Moussa Djenepo\254147d4,ml MLI,MF,Southampton,23,1998,5.1,111,149,74.5,1706,705,66,77,85.7,33,45,73.3,10,17,58.8,0,0.2,-0.2,6,10,9,2,23,Matches
130,Lewis Dobbin\e814e1cf,eng ENG,FWMF,Everton,18,2003,0.4,4,7,57.1,106,24,2,3,66.7,0,1,0.0,2,3,66.7,0,0.0,0.0,0,1,0,0,1,Matches
131,Matt Doherty\d557d734,ie IRL,DF,Tottenham,29,1992,9.7,440,538,81.8,7428,1960,221,248,89.1,176,207,85.0,37,60,61.7,4,1.8,+2.2,14,20,11,4,36,Matches
132,Gabriel Dos Santos\67ac5bb8,br BRA,DF,Arsenal,23,1997,34.0,1796,2002,89.7,37056,10032,535,565,94.7,1002,1054,95.1,239,350,68.3,0,0.8,-0.8,8,111,1,0,83,Matches
133,Abdoulaye Doucouré\02b29014,ml MLI,MF,Everton,28,1993,28.2,877,1095,80.1,14742,3154,429,500,85.8,349,419,83.3,74,112,66.1,4,2.2,+1.8,21,81,23,1,91,Matches
134,Kieran Dowell\2f6ec02a,eng ENG,FWMF,Norwich City,23,1997,10.1,235,342,68.7,3998,1155,124,152,81.6,76,100,76.0,27,66,40.9,1,2.0,-1.0,16,18,15,6,24,Matches
135,Cody Drameh\e0d1510a,eng ENG,DF,Leeds United,19,2001,1.4,60,77,77.9,927,398,39,44,88.6,18,23,78.3,3,4,75.0,0,0.0,0.0,1,3,2,1,6,Matches
136,Martin Dúbravka\3a949a25,sk SVK,GK,Newcastle Utd,32,1989,26.0,535,845,63.3,20420,14076,69,69,100.0,195,198,98.5,268,575,46.6,0,0.1,-0.1,2,15,0,0,0,Matches
137,Shane Duffy\7314bba4,ie IRL,DF,Brighton,29,1992,16.0,894,1007,88.8,20678,5681,171,184,92.9,541,578,93.6,180,237,75.9,0,0.1,-0.1,3,55,2,0,35,Matches
138,Paul Dummett\3fe6bd8c,wls WAL,DF,Newcastle Utd,29,1991,2.2,51,68,75.0,867,436,24,28,85.7,25,31,80.6,2,8,25.0,0,0.0,0.0,0,5,0,0,3,Matches
139,Lewis Dunk\282f75f3,eng ENG,DF,Brighton,29,1991,28.6,1676,1881,89.1,39331,10816,370,399,92.7,916,964,95.0,374,490,76.3,0,0.2,-0.2,2,85,2,1,54,Matches
140,Ederson\3bb7b8b4,br BRA,GK,Manchester City,27,1993,37.0,976,1089,89.6,25570,14485,198,198,100.0,486,487,99.8,288,399,72.2,0,0.1,-0.1,1,10,1,0,1,Matches
141,Odsonne Édouard\0562b7f1,fr FRA,FW,Crystal Palace,23,1998,17.4,315,435,72.4,4447,915,206,260,79.2,89,122,73.0,14,21,66.7,3,2.3,+0.7,19,20,13,1,36,Matches
142,CJ Egan-Riley\d313e8ff,eng ENG,DF,Manchester City,18,2003,0.0,1,1,100.0,32,30,0,0,,0,0,,1,1,100.0,0,0.0,0.0,0,0,0,0,0,Matches
143,Anthony Elanga\2fba6108,se SWE,FW,Manchester Utd,19,2002,13.5,346,441,78.5,4650,1054,224,256,87.5,89,117,76.1,17,29,58.6,2,1.8,+0.2,8,13,5,3,15,Matches
144,Harvey Elliott\c8387671,eng ENG,MF,Liverpool,18,2003,3.8,210,249,84.3,3611,958,107,119,89.9,83,95,87.4,19,25,76.0,0,0.5,-0.5,8,24,9,2,34,Matches
145,Mohamed Elneny\47a34c4f,eg EGY,MF,Arsenal,29,1992,9.0,518,554,93.5,9189,2002,230,244,94.3,226,232,97.4,53,60,88.3,2,0.6,+1.4,9,53,2,0,24,Matches
146,Mohamed Elyounoussi\68dc0dac,no NOR,MFFW,Southampton,26,1994,22.7,451,639,70.6,6805,1620,273,334,81.7,142,198,71.7,26,63,41.3,2,2.5,-0.5,29,38,21,2,49,Matches
147,Emerson\df8b52a5,br BRA,DF,Tottenham,22,1999,25.4,1178,1441,81.7,19183,5304,637,709,89.8,436,516,84.5,89,147,60.5,1,2.1,-1.1,26,37,27,10,81,Matches
148,Christian Eriksen\980522ec,dk DEN,MF,Brentford,29,1992,10.4,472,634,74.4,10893,3905,160,185,86.5,171,209,81.8,134,220,60.9,4,3.6,+0.4,32,75,18,8,65,Matches
149,Oghenekaro Etebo\b579e83d,ng NGA,MF,Watford,25,1995,4.5,141,157,89.8,3290,732,33,36,91.7,78,84,92.9,30,36,83.3,0,0.1,-0.1,2,11,3,1,12,Matches
150,Jonny Evans\f8fcd2a5,nir NIR,DF,Leicester City,33,1988,15.0,812,976,83.2,17881,5664,191,217,88.0,489,531,92.1,128,220,58.2,1,0.6,+0.4,3,59,4,1,44,Matches
151,Eberechi Eze\ae4fc6a4,eng ENG,MFFW,Crystal Palace,23,1998,6.7,234,305,76.7,4263,1088,108,126,85.7,88,106,83.0,33,58,56.9,1,0.9,+0.1,9,16,7,2,28,Matches
152,Łukasz Fabiański\9328b835,pl POL,GK,West Ham,36,1985,37.0,636,1006,63.2,23248,15081,67,67,100.0,224,226,99.1,336,702,47.9,0,0.0,0.0,1,11,0,0,0,Matches
153,Fabinho\7f3b388c,br BRA,MF,Liverpool,27,1993,25.7,1341,1522,88.1,24540,5539,552,611,90.3,630,686,91.8,137,180,76.1,1,1.4,-0.4,15,145,16,1,107,Matches
154,Kiko Femenía\e5d01ecf,es ESP,DF,Watford,30,1991,23.8,856,1196,71.6,14470,6826,439,496,88.5,346,468,73.9,62,190,32.6,5,3.2,+1.8,24,51,17,9,79,Matches
155,Evan Ferguson\4596da74,ie IRL,MF,Brighton,16,2004,0.3,6,7,85.7,98,5,3,4,75.0,1,1,100.0,1,1,100.0,0,0.0,0.0,0,0,1,1,0,Matches
156,Nathan Ferguson\2f8d27bc,eng ENG,DF,Crystal Palace,20,2000,0.1,3,5,60.0,23,20,1,1,100.0,0,0,,0,2,0.0,0,0.0,0.0,0,0,0,0,0,Matches
157,Bruno Fernandes\507c7bdf,pt POR,MF,Manchester Utd,26,1994,34.6,1524,2024,75.3,29671,8579,682,788,86.5,568,697,81.5,246,453,54.3,6,8.4,-2.4,88,155,85,15,196,Matches
158,Álvaro Fernández\f127d782,es ESP,GK,Brentford,23,1998,12.0,322,500,64.4,9413,5300,64,66,97.0,147,150,98.0,110,283,38.9,0,0.0,0.0,0,10,0,0,1,Matches
159,Federico Fernández\f25b010f,ar ARG,DF,Newcastle Utd,32,1989,5.8,183,214,85.5,4199,1503,41,46,89.1,109,114,95.6,33,53,62.3,0,0.3,-0.3,1,12,0,0,8,Matches
160,Fernandinho\101da2b5,br BRA,MFDF,Manchester City,36,1985,10.7,730,806,90.6,14073,3643,284,303,93.7,338,358,94.4,97,129,75.2,1,0.9,+0.1,10,84,19,1,59,Matches
161,Roberto Firmino\4c370d81,br BRA,FW,Liverpool,29,1991,11.0,393,501,78.4,5872,1288,223,252,88.5,129,170,75.9,21,29,72.4,4,2.4,+1.6,18,27,11,1,35,Matches
162,Junior Firpo\24f59bb2,es ESP,DF,Leeds United,24,1996,19.0,775,931,83.2,13329,4868,357,402,88.8,352,405,86.9,57,101,56.4,2,2.6,-0.6,24,60,18,7,74,Matches
163,Ashley Fletcher\eeb6551f,eng ENG,FW,Watford,25,1995,0.3,3,9,33.3,74,28,0,6,0.0,2,2,100.0,1,1,100.0,0,0.0,0.0,0,2,0,0,1,Matches
164,Phil Foden\ed1e53f3,eng ENG,FW,Manchester City,21,2000,23.6,884,1096,80.7,14428,3061,502,553,90.8,285,339,84.1,80,153,52.3,5,6.6,-1.6,40,50,40,10,76,Matches
165,Wesley Fofana\132a82f1,fr FRA,DF,Leicester City,20,2000,7.0,452,504,89.7,9774,2380,108,115,93.9,255,274,93.1,84,104,80.8,0,0.0,0.0,2,24,0,0,15,Matches
166,Pablo Fornals\82927de4,es ESP,FWMF,West Ham,25,1996,31.1,1036,1381,75.0,18935,6099,478,548,87.2,397,503,78.9,133,247,53.8,3,5.6,-2.6,47,108,53,11,162,Matches
167,Adam Forshaw\9f1938ab,eng ENG,MF,Leeds United,29,1991,17.0,678,810,83.7,12610,3207,315,348,90.5,248,289,85.8,95,133,71.4,1,1.1,-0.1,13,59,8,0,61,Matches
168,Marcus Forss\82c215a0,fi FIN,FWMF,Brentford,22,1999,2.3,24,41,58.5,380,110,16,22,72.7,3,11,27.3,4,6,66.7,1,0.0,+1.0,0,4,1,0,5,Matches
169,Fraser Forster\c3e39f12,eng ENG,GK,Southampton,33,1988,19.0,347,596,58.2,12274,7980,44,45,97.8,146,150,97.3,156,399,39.1,0,0.0,0.0,0,8,0,0,0,Matches
170,Ben Foster\d0b3ceb9,eng ENG,GK,Watford,38,1983,26.0,417,869,48.0,18636,14154,23,24,95.8,123,127,96.9,271,718,37.7,1,0.2,+0.8,2,34,2,0,0,Matches
171,Tariqe Fosu\3dcef539,gh GHA,DF,Brentford,25,1995,0.2,6,8,75.0,110,13,2,2,100.0,3,4,75.0,1,2,50.0,0,0.0,0.0,0,0,0,0,1,Matches
172,Ryan Fraser\d56543a0,sct SCO,FWMF,Newcastle Utd,27,1994,16.3,333,478,69.7,5698,1783,177,209,84.7,107,157,68.2,40,92,43.5,3,2.2,+0.8,25,16,22,13,26,Matches
173,Fred\b853e0ad,br BRA,MF,Manchester Utd,28,1993,22.5,1123,1320,85.1,21081,5259,478,542,88.2,478,537,89.0,147,185,79.5,4,2.0,+2.0,26,117,13,1,108,Matches
174,Ryan Fredericks\c067631c,eng ENG,DF,West Ham,28,1992,3.4,114,147,77.6,1722,447,65,73,89.0,45,57,78.9,3,10,30.0,0,0.1,-0.1,2,2,2,1,4,Matches
175,Leo Fuhr Hjelde\d102b8a2,no NOR,DF,Leeds United,17,2003,1.7,84,111,75.7,1317,504,47,55,85.5,30,35,85.7,6,14,42.9,0,0.0,0.0,1,4,0,0,5,Matches
176,Conor Gallagher\c2731c10,eng ENG,MF,Crystal Palace,21,2000,31.6,890,1167,76.3,16238,4060,407,468,87.0,339,418,81.1,118,223,52.9,3,3.5,-0.5,35,77,22,9,62,Matches
177,Alejandro Garnacho\7aa8adfe,es ESP,FW,Manchester Utd,17,2004,0.1,3,3,100.0,25,4,3,3,100.0,0,0,,0,0,,0,0.0,0.0,0,0,0,0,0,Matches
178,Dwight Gayle\e58a03c6,eng ENG,FW,Newcastle Utd,30,1990,0.4,11,13,84.6,108,16,9,10,90.0,1,1,100.0,0,0,,0,0.5,-0.5,2,0,0,0,1,Matches
179,Jean-Philippe Gbamin\6bd603db,ci CIV,MF,Everton,25,1995,0.7,16,21,76.2,224,20,12,14,85.7,3,5,60.0,1,2,50.0,0,0.0,0.0,0,0,0,0,0,Matches
180,David de Gea\7ba6d84e,es ESP,GK,Manchester Utd,30,1990,38.0,646,911,70.9,18313,10583,124,125,99.2,292,300,97.3,225,479,47.0,0,0.0,0.0,0,1,0,0,0,Matches
181,Joe Gelhardt\01962d0d,eng ENG,FWMF,Leeds United,19,2002,8.3,105,156,67.3,1407,396,57,81,70.4,36,49,73.5,3,10,30.0,2,1.5,+0.5,9,5,11,1,17,Matches
182,Anwar El Ghazi\ffa90327,nl NED,FWMF,Aston Villa,26,1995,4.3,82,115,71.3,1262,370,50,58,86.2,26,41,63.4,5,8,62.5,1,0.4,+0.6,4,1,6,4,7,Matches
183,Anwar El Ghazi\ffa90327,nl NED,FW,Everton,26,1995,0.1,8,9,88.9,92,33,7,8,87.5,0,0,,1,1,100.0,0,0.0,0.0,0,0,0,0,0,Matches
184,Saman Ghoddos\f7b1d4e0,ir IRN,DFMF,Brentford,27,1993,6.0,149,221,67.4,2633,840,77,106,72.6,47,64,73.4,21,40,52.5,1,1.2,-0.2,6,12,10,2,19,Matches
185,Dimitris Giannoulis\112c495e,gr GRE,DF,Norwich City,25,1995,13.0,519,705,73.6,8685,3552,251,293,85.7,227,283,80.2,34,104,32.7,1,0.5,+0.5,8,20,13,1,43,Matches
186,Morgan Gibbs-White\32f60ed8,eng ENG,FWMF,Wolves,21,2000,0.1,7,10,70.0,74,28,5,6,83.3,1,1,100.0,0,1,0.0,0,0.0,0.0,0,1,0,0,1,Matches
187,Ben Gibson\bcfb0142,eng ENG,DF,Norwich City,28,1993,27.7,1065,1303,81.7,24894,9439,257,280,91.8,569,626,90.9,233,377,61.8,0,0.0,0.0,2,83,9,0,78,Matches
188,Billy Gilmour\df10e27c,sct SCO,MF,Norwich City,20,2001,20.6,958,1200,79.8,20591,5428,344,384,89.6,387,439,88.2,208,338,61.5,1,2.0,-1.0,25,86,17,1,93,Matches
189,Ben Godfrey\9f7c837d,eng ENG,DF,Everton,23,1998,22.5,605,788,76.8,11557,3925,216,257,84.0,307,380,80.8,70,122,57.4,0,0.7,-0.7,13,43,13,7,39,Matches
190,André Gomes\1961b2aa,pt POR,MF,Everton,28,1993,6.9,213,279,76.3,3907,1130,94,112,83.9,85,100,85.0,27,48,56.3,1,0.2,+0.8,4,27,4,0,21,Matches
191,Toti Gomes\f0caab96,pt POR,DF,Wolves,22,1999,4.0,142,191,74.3,2595,977,57,67,85.1,67,80,83.8,15,40,37.5,0,0.0,0.0,0,10,0,0,10,Matches
192,Joe Gomez\7a11550b,eng ENG,DF,Liverpool,24,1997,3.7,228,286,79.7,4481,1280,86,98,87.8,105,132,79.5,33,49,67.3,1,0.5,+0.5,3,22,4,2,28,Matches
193,Charlie Goode\7aee4dd3,eng ENG,DF,Brentford,25,1995,5.0,190,300,63.3,4717,1455,35,53,66.0,97,140,69.3,57,99,57.6,0,0.3,-0.3,7,16,2,1,12,Matches
194,Anthony Gordon\2bd83368,eng ENG,MFFW,Everton,20,2001,25.4,503,754,66.7,8074,2353,271,340,79.7,165,220,75.0,45,132,34.1,2,3.3,-1.3,34,23,22,10,55,Matches
195,Kaide Gordon\19a9cb70,eng ENG,FW,Liverpool,16,2004,0.1,4,4,100.0,50,0,2,2,100.0,0,0,,1,1,100.0,0,0.0,0.0,0,0,0,0,0,Matches
196,Dan Gosling\7fec31a0,eng ENG,MF,Watford,31,1990,1.8,57,67,85.1,982,190,32,33,97.0,19,22,86.4,5,8,62.5,0,0.0,0.0,1,3,0,0,4,Matches
197,Demarai Gray\4468ec10,eng ENG,MFFW,Everton,25,1996,26.0,544,757,71.9,10219,2375,242,284,85.2,201,249,80.7,80,164,48.8,4,4.3,-0.3,41,23,25,7,45,Matches
198,Jack Grealish\b0b4fd3e,eng ENG,FW,Manchester City,25,1995,21.3,830,960,86.5,12113,2309,499,546,91.4,261,290,90.0,45,59,76.3,3,6.3,-3.3,54,25,41,3,82,Matches
199,Mason Greenwood\58eee997,eng ENG,FWMF,Manchester Utd,19,2001,14.1,397,504,78.8,7344,1629,185,214,86.4,164,195,84.1,43,75,57.3,1,1.6,-0.6,15,26,13,3,36,Matches
200,Sam Greenwood\f3354c07,eng ENG,MFFW,Leeds United,19,2002,2.6,60,85,70.6,1012,212,24,30,80.0,23,27,85.2,7,18,38.9,2,0.7,+1.3,4,5,1,0,8,Matches
201,Pascal Groß\8aec0537,de GER,MFDF,Brighton,30,1991,22.6,984,1315,74.8,19467,5768,410,468,87.6,395,475,83.2,167,319,52.4,4,5.3,-1.3,60,81,35,12,103,Matches
202,Vicente Guaita\ab13a5aa,es ESP,GK,Crystal Palace,34,1987,29.5,763,972,78.5,20316,10376,197,198,99.5,325,328,99.1,229,434,52.8,0,0.0,0.0,0,2,0,0,0,Matches
203,Marc Guéhi\d0706b27,eng ENG,DF,Crystal Palace,21,2000,35.8,1988,2273,87.5,43238,14169,522,561,93.0,1156,1239,93.3,297,448,66.3,1,0.5,+0.5,5,121,2,0,99,Matches
204,Bruno Guimarães\82518f62,br BRA,MF,Newcastle Utd,23,1997,11.5,441,511,86.3,8515,1868,189,206,91.7,168,187,89.8,73,89,82.0,1,1.8,-0.8,13,41,14,4,34,Matches
205,İlkay Gündoğan\819b3158,de GER,MF,Manchester City,30,1990,20.6,1160,1325,87.5,20357,4001,586,622,94.2,410,454,90.3,140,196,71.4,4,4.2,-0.2,37,78,27,2,84,Matches
206,Angus Gunn\e082af5b,eng ENG,GK,Norwich City,25,1996,9.0,197,298,66.1,6056,3178,47,48,97.9,66,67,98.5,83,181,45.9,0,0.0,0.0,0,1,0,0,0,Matches
207,Grant Hanley\e9254eec,sct SCO,DF,Norwich City,29,1991,32.2,1053,1243,84.7,22939,5649,279,317,88.0,554,601,92.2,203,297,68.4,0,0.3,-0.3,4,27,2,0,29,Matches
208,Jack Harrison\aa849a12,eng ENG,FWMF,Leeds United,24,1996,29.3,665,1019,65.3,10573,3817,378,473,79.9,211,316,66.8,55,143,38.5,1,2.6,-1.6,41,49,44,11,106,Matches
209,Kortney Hause\bf8fad51,eng ENG,DF,Aston Villa,26,1995,4.4,162,206,78.6,3509,992,53,58,91.4,75,90,83.3,33,54,61.1,0,0.0,0.0,0,8,0,0,6,Matches
210,Kai Havertz\fed7cb61,de GER,FWMF,Chelsea,22,1999,20.1,546,669,81.6,7476,1315,344,390,88.2,139,179,77.7,29,34,85.3,3,2.0,+1.0,20,27,18,1,46,Matches
211,Isaac Hayden\c951a6df,eng ENG,MFDF,Newcastle Utd,26,1995,11.1,255,318,80.2,4657,912,111,130,85.4,114,134,85.1,28,41,68.3,0,0.1,-0.1,2,19,1,1,9,Matches
212,Hwang Hee-chan\169fd162,kr KOR,FWMF,Wolves,25,1996,20.2,509,626,81.3,8382,1465,274,323,84.8,178,208,85.6,46,63,73.0,1,1.7,-0.7,16,27,14,0,41,Matches
213,Jordan Henderson\935e6b8f,eng ENG,MF,Liverpool,31,1990,28.9,1846,2202,83.8,35046,8229,760,839,90.6,811,930,87.2,243,348,69.8,5,3.8,+1.2,38,187,53,13,176,Matches
214,Jeff Hendrick\989d5705,ie IRL,MF,Newcastle Utd,29,1992,0.8,24,27,88.9,452,30,10,11,90.9,11,11,100.0,3,4,75.0,0,0.0,0.0,1,2,0,0,1,Matches
215,Wayne Hennessey\76eca7e2,wls WAL,GK,Burnley,34,1987,2.0,40,80,50.0,2119,1850,1,1,100.0,8,8,100.0,31,71,43.7,0,0.1,-0.1,3,5,0,0,0,Matches
216,Rico Henry\8a3c1dc7,eng ENG,DF,Brentford,24,1997,30.8,868,1202,72.2,14321,4831,432,511,84.5,340,443,76.7,77,166,46.4,0,1.7,-1.7,18,50,25,13,78,Matches
217,Son Heung-min\92e7e919,kr KOR,FWMF,Tottenham,29,1992,33.4,933,1223,76.3,14512,3532,530,588,90.1,298,360,82.8,77,205,37.6,7,8.1,-1.1,71,35,45,4,76,Matches
218,Ki-Jana Hoever\9a71e978,nl NED,DF,Wolves,19,2002,3.4,113,159,71.1,1953,647,51,62,82.3,52,72,72.2,8,14,57.1,0,0.0,0.0,1,4,2,1,8,Matches
219,Rob Holding\d79a8c87,eng ENG,DF,Arsenal,25,1995,9.4,418,474,88.2,8635,2113,118,129,91.5,239,253,94.5,57,84,67.9,0,0.0,0.0,0,17,0,0,14,Matches
220,Mason Holgate\d0042ab9,eng ENG,DF,Everton,24,1996,23.7,564,803,70.2,13333,4394,147,181,81.2,271,344,78.8,137,260,52.7,1,0.1,+0.9,2,40,2,0,38,Matches
221,Callum Hudson-Odoi\15f3ec41,eng ENG,FWMF,Chelsea,20,2000,10.7,313,393,79.6,4959,1083,173,201,86.1,108,132,81.8,22,41,53.7,2,2.3,-0.3,24,9,20,5,31,Matches
222,Will Hughes\a0666d3e,eng ENG,MF,Crystal Palace,26,1995,11.7,428,523,81.8,7907,1751,184,210,87.6,186,205,90.7,50,87,57.5,1,0.7,+0.3,8,31,7,3,24,Matches
223,Pierre Højbjerg\8b04d6c1,dk DEN,MF,Tottenham,25,1995,35.5,2222,2485,89.4,42901,11016,885,956,92.6,1010,1095,92.2,296,384,77.1,2,2.5,-0.5,30,227,35,4,203,Matches
224,Adam Idah\291e3ec3,ie IRL,FWMF,Norwich City,20,2001,6.9,96,142,67.6,1650,322,44,66,66.7,40,50,80.0,8,12,66.7,1,0.6,+0.4,4,7,4,2,7,Matches
225,Kelechi Iheanacho\c92e1a31,ng NGA,FW,Leicester City,24,1996,14.0,271,352,77.0,3929,819,153,183,83.6,89,107,83.2,15,31,48.4,5,2.7,+2.3,17,16,14,2,32,Matches
226,Danny Ings\07802f7f,eng ENG,FW,Aston Villa,29,1992,21.1,258,380,67.9,3596,892,164,211,77.7,58,91,63.7,19,38,50.0,6,2.0,+4.0,16,14,14,3,27,Matches
227,Tim Iroegbunam\84c5ceea,eng ENG,MF,Aston Villa,18,2003,1.0,21,25,84.0,339,142,11,14,78.6,9,10,90.0,1,1,100.0,0,0.0,0.0,0,2,0,0,4,Matches
228,Alex Iwobi\6ca5ec4b,ng NGA,MFDF,Everton,25,1996,22.6,606,785,77.2,10137,3650,314,357,88.0,203,259,78.4,65,119,54.6,2,2.8,-0.8,35,58,38,12,79,Matches
229,Daniel James\c931d9f9,wls WAL,FW,Manchester Utd,23,1997,1.4,22,32,68.8,233,36,18,24,75.0,3,5,60.0,0,1,0.0,0,0.0,0.0,1,0,0,0,0,Matches
230,Daniel James\c931d9f9,wls WAL,FWMF,Leeds United,23,1997,26.3,330,508,65.0,4978,1367,173,226,76.5,116,173,67.1,23,56,41.1,4,2.4,+1.6,23,18,20,1,49,Matches
231,Reece James\1265a93a,eng ENG,DF,Chelsea,21,1999,20.7,1442,1667,86.5,24467,6328,717,768,93.4,571,646,88.4,133,192,69.3,9,5.7,+3.3,47,74,49,13,120,Matches
232,Vitaly Janelt\8449d35e,de GER,MF,Brentford,23,1998,25.5,768,997,77.0,14522,4409,293,354,82.8,352,426,82.6,96,168,57.1,0,2.2,-2.2,20,77,19,3,96,Matches
233,Pontus Jansson\172e52d8,se SWE,DF,Brentford,30,1991,36.9,1188,1449,82.0,25071,6720,330,389,84.8,669,767,87.2,181,268,67.5,1,0.5,+0.5,4,35,0,0,53,Matches
234,Mathias Jensen\0f134faf,dk DEN,MF,Brentford,25,1996,17.8,558,771,72.4,12401,3761,215,249,86.3,199,255,78.0,141,245,57.6,1,3.6,-2.6,37,67,26,12,69,Matches
235,Gabriel Jesus\b66315ae,br BRA,FW,Manchester City,24,1997,20.9,638,758,84.2,9337,1636,356,397,89.7,226,267,84.6,28,40,70.0,8,5.4,+2.6,35,18,31,6,53,Matches
236,Raúl Jiménez\b561db50,mx MEX,FW,Wolves,30,1991,29.2,557,779,71.5,8584,1779,334,430,77.7,156,205,76.1,45,78,57.7,4,2.7,+1.3,33,38,18,4,50,Matches
237,Joelinton\c17bfb65,br BRA,MFFW,Newcastle Utd,24,1996,28.4,745,941,79.2,11393,2869,415,493,84.2,250,311,80.4,51,73,69.9,1,1.8,-0.8,28,53,19,4,67,Matches
238,Ben Johnson\9319781b,eng ENG,DF,West Ham,21,2000,15.5,528,758,69.7,10338,4128,220,252,87.3,217,296,73.3,80,168,47.6,0,0.8,-0.8,9,43,18,13,50,Matches
239,Curtis Jones\4fb9c88f,eng ENG,MF,Liverpool,20,2001,9.5,534,591,90.4,9150,1854,264,277,95.3,215,231,93.1,50,68,73.5,1,0.6,+0.4,9,45,10,0,35,Matches
240,Phil Jones\def899bd,eng ENG,DF,Manchester Utd,29,1992,1.8,71,79,89.9,1401,383,22,24,91.7,42,44,95.5,6,8,75.0,0,0.0,0.0,1,7,0,0,5,Matches
241,Jorginho\45db685d,it ITA,MF,Chelsea,29,1991,25.3,1664,1856,89.7,29444,7066,731,790,92.5,762,823,92.6,144,201,71.6,2,2.8,-0.8,25,160,35,0,140,Matches
242,Diogo Jota\178ae8f8,pt POR,FW,Liverpool,24,1996,26.3,568,771,73.7,9120,2092,284,357,79.6,225,280,80.4,40,69,58.0,4,5.5,-1.5,37,50,31,2,71,Matches
243,James Justin\fb614c44,eng ENG,DF,Leicester City,23,1998,11.1,524,653,80.2,8398,2936,265,288,92.0,209,249,83.9,35,79,44.3,0,1.0,-1.0,9,26,9,3,40,Matches
244,Mathias Jørgensen\0db5d2c8,dk DEN,DF,Brentford,31,1990,5.8,247,332,74.4,4847,2153,93,105,88.6,119,156,76.3,32,62,51.6,0,0.1,-0.1,2,15,3,3,17,Matches
245,Ozan Kabak\2d61d13a,tr TUR,DF,Norwich City,21,2000,10.2,341,414,82.4,7111,2287,92,112,82.1,197,216,91.2,45,71,63.4,0,0.0,0.0,2,17,0,0,18,Matches
246,Christian Kabasele\914ab9a1,be BEL,DF,Watford,30,1991,13.3,360,456,78.9,8264,2627,64,84,76.2,220,249,88.4,71,114,62.3,0,0.0,0.0,1,16,2,1,25,Matches
247,Samuel Kalu\b8d22478,ng NGA,FW,Watford,23,1997,2.5,54,65,83.1,804,194,35,36,97.2,12,16,75.0,5,11,45.5,0,0.2,-0.2,1,2,2,0,7,Matches
248,Hassane Kamara\19a12bed,ci CIV,DF,Watford,27,1994,18.0,636,905,70.3,10963,5092,289,342,84.5,286,368,77.7,48,142,33.8,0,0.4,-0.4,9,34,9,4,47,Matches
249,Harry Kane\21a66f6a,eng ENG,FW,Tottenham,28,1993,35.9,659,952,69.2,13093,4065,287,372,77.2,234,314,74.5,120,189,63.5,9,9.0,0.0,49,91,41,8,117,Matches
250,N'Golo Kanté\b9fbae28,fr FRA,MF,Chelsea,30,1991,19.7,1117,1282,87.1,18459,4685,569,629,90.5,437,495,88.3,87,111,78.4,4,2.3,+1.7,23,101,30,0,117,Matches
251,Edo Kayembe\f99b71de,cd COD,MF,Watford,22,1998,8.9,365,428,85.3,7407,1788,144,158,91.1,151,169,89.3,67,85,78.8,0,0.3,-0.3,6,29,3,0,34,Matches
252,Moise Kean\3d50bcdb,it ITA,FW,Everton,21,2000,0.0,1,1,100.0,17,0,0,0,,1,1,100.0,0,0,,0,0.0,0.0,0,0,0,0,0,Matches
253,Michael Keane\c5b7c315,eng ENG,DF,Everton,28,1993,31.0,896,1154,77.6,21069,7053,264,311,84.9,402,473,85.0,221,350,63.1,2,0.6,+1.4,4,76,5,0,73,Matches
254,Naby Keïta\f25c8e3a,gn GUI,MF,Liverpool,26,1995,13.0,651,759,85.8,10374,2763,331,364,90.9,256,290,88.3,40,57,70.2,1,1.6,-0.6,16,61,22,0,78,Matches
255,Caoimhín Kelleher\62d7ef38,ie IRL,GK,Liverpool,22,1998,2.0,81,90,90.0,1869,742,17,17,100.0,50,50,100.0,14,23,60.9,0,0.0,0.0,0,0,0,0,0,Matches
256,Kenedy\5eebbfdf,br BRA,DF,Chelsea,25,1996,0.6,38,49,77.6,637,193,17,21,81.0,18,20,90.0,2,5,40.0,1,0.9,+0.1,2,1,4,0,7,Matches
257,Jonjoe Kenny\099e666f,eng ENG,DF,Everton,24,1997,11.3,352,473,74.4,6446,2833,166,183,90.7,139,188,73.9,44,85,51.8,1,0.5,+0.5,11,31,9,6,31,Matches
258,Max Kilman\d0f72bf1,eng ENG,DF,Wolves,24,1997,29.9,1279,1476,86.7,26905,9568,410,449,91.3,655,711,92.1,206,297,69.4,0,0.0,0.0,2,90,3,0,92,Matches
259,Joshua King\43458538,no NOR,FW,Watford,29,1992,25.0,387,524,73.9,5865,1126,210,261,80.5,146,200,73.0,19,28,67.9,3,3.2,-0.2,35,26,13,2,30,Matches
260,Kristoffer Klaesson\3f70db80,no NOR,GK,Leeds United,20,2000,0.4,9,11,81.8,250,164,2,2,100.0,3,3,100.0,4,6,66.7,0,0.0,0.0,0,0,0,0,0,Matches
261,Mateusz Klich\282679b4,pl POL,MF,Leeds United,31,1990,23.0,786,1004,78.3,12287,3652,427,482,88.6,264,331,79.8,57,121,47.1,2,2.2,-0.2,30,69,25,3,93,Matches
262,Robin Koch\ea6bc03a,de GER,MFDF,Leeds United,25,1996,17.5,531,681,78.0,10668,3199,175,214,81.8,266,316,84.2,79,121,65.3,0,0.5,-0.5,6,33,6,0,37,Matches
263,Sead Kolašinac\3935e52e,ba BIH,DF,Arsenal,28,1993,1.0,10,13,76.9,167,64,4,4,100.0,5,8,62.5,1,1,100.0,0,0.0,0.0,0,1,0,0,0,Matches
264,Ibrahima Konaté\5ed9b537,fr FRA,DF,Liverpool,22,1999,11.0,655,728,90.0,13686,4843,171,186,91.9,386,407,94.8,91,120,75.8,0,0.1,-0.1,1,50,5,0,48,Matches
265,Ezri Konsa\0313a347,eng ENG,DF,Aston Villa,23,1997,27.5,850,971,87.5,16866,5122,261,286,91.3,464,497,93.4,111,166,66.9,0,0.3,-0.3,4,26,0,0,33,Matches
266,Cheikhou Kouyaté\8d3c902d,sn SEN,MF,Crystal Palace,31,1989,21.9,657,789,83.3,11232,2837,297,346,85.8,278,327,85.0,61,86,70.9,1,0.7,+0.3,4,40,3,1,43,Matches
267,Mateo Kovačić\79c0821a,hr CRO,MF,Chelsea,27,1994,17.3,1065,1193,89.3,19713,4484,451,488,92.4,468,509,91.9,127,166,76.5,5,3.6,+1.4,26,120,26,1,113,Matches
268,Emil Krafth\77cf6852,se SWE,DF,Newcastle Utd,26,1994,18.2,555,760,73.0,9088,4137,272,308,88.3,212,292,72.6,48,110,43.6,1,0.8,+0.2,5,40,8,1,53,Matches
269,Alex Král\e717705a,cz CZE,MF,West Ham,23,1998,0.0,0,2,0.0,0,0,0,1,0.0,0,1,0.0,0,0,,0,0.0,0.0,0,0,0,0,0,Matches
270,Tim Krul\f23f9d20,nl NED,GK,Norwich City,33,1988,29.0,730,1057,69.1,23374,13073,90,92,97.8,309,313,98.7,329,649,50.7,0,0.4,-0.4,2,6,1,0,1,Matches
271,Juraj Kucka\5aaef9ef,sk SVK,MF,Watford,34,1987,21.3,488,697,70.0,8569,2583,243,305,79.7,173,240,72.1,57,108,52.8,1,0.9,+0.1,10,36,8,2,57,Matches
272,Dejan Kulusevski\df3cda47,se SWE,MFFW,Tottenham,21,2000,14.0,389,464,83.8,5908,1278,225,243,92.6,139,164,84.8,18,30,60.0,8,3.5,+4.5,26,19,24,7,37,Matches
273,Alexandre Lacazette\9dbb75ca,fr FRA,FWMF,Arsenal,30,1991,19.8,350,456,76.8,4810,993,217,266,81.6,87,119,73.1,21,32,65.6,7,1.9,+5.1,24,30,20,1,37,Matches
274,Adam Lallana\99813635,eng ENG,MF,Brighton,33,1988,17.3,828,947,87.4,13036,2768,453,496,91.3,303,332,91.3,52,78,66.7,1,0.7,+0.3,8,61,18,0,59,Matches
275,Tariq Lamptey\f4e433d4,eng ENG,DFFW,Brighton,20,2000,17.3,607,787,77.1,9156,2089,340,387,87.9,225,283,79.5,27,67,40.3,2,2.2,-0.2,21,18,21,14,43,Matches
276,Manuel Lanzini\26f6dca8,ar ARG,MFFW,West Ham,28,1993,19.8,1103,1217,90.6,17841,4249,583,613,95.1,402,443,90.7,91,120,75.8,3,2.2,+0.8,23,85,24,2,86,Matches
277,Aymeric Laporte\119b9a8e,es ESP,DF,Manchester City,27,1994,31.4,2703,2853,94.7,58451,16557,757,788,96.1,1450,1497,96.9,482,549,87.8,0,0.5,-0.5,9,316,11,1,198,Matches
278,Jamaal Lascelles\450ab6fc,eng ENG,DF,Newcastle Utd,27,1993,22.9,508,667,76.2,10831,3131,125,164,76.2,298,350,85.1,75,136,55.1,0,0.3,-0.3,2,18,2,0,22,Matches
279,Pierre Lees-Melou\f5044e54,fr FRA,MF,Norwich City,28,1993,25.2,817,1033,79.1,16023,4458,370,427,86.7,284,333,85.3,144,219,65.8,0,1.8,-1.8,25,81,28,9,99,Matches
280,Aaron Lennon\2ff964a0,eng ENG,MF,Burnley,34,1987,17.2,254,384,66.1,3762,862,159,199,79.9,73,106,68.9,17,45,37.8,0,0.5,-0.5,10,9,5,2,17,Matches
281,Bernd Leno\2628fd2b,de GER,GK,Arsenal,29,1992,4.0,72,111,64.9,2043,1251,20,20,100.0,24,24,100.0,26,65,40.0,0,0.0,0.0,0,1,0,0,0,Matches
282,Jamal Lewis\efb9215a,nir NIR,DF,Newcastle Utd,23,1998,2.9,81,103,78.6,1454,521,35,39,89.7,31,38,81.6,13,22,59.1,0,0.0,0.0,1,4,0,0,4,Matches
283,Victor Lindelöf\f5deef4c,se SWE,DF,Manchester Utd,27,1994,26.2,1164,1295,89.9,24598,7163,344,368,93.5,627,664,94.4,182,241,75.5,2,0.5,+1.5,3,73,8,0,59,Matches
284,Jesse Lingard\810e3c74,eng ENG,FWMF,Manchester Utd,28,1992,4.1,132,155,85.2,1872,481,74,79,93.7,40,49,81.6,8,13,61.5,0,0.4,-0.4,8,15,3,0,9,Matches
285,Valentino Livramento\afed6722,eng ENG,DF,Southampton,18,2002,24.5,883,1155,76.5,14457,5498,486,546,89.0,318,427,74.5,70,140,50.0,1,2.3,-1.3,19,40,24,10,80,Matches
286,Diego Llorente\bba30585,es ESP,DF,Leeds United,27,1993,26.0,1108,1344,82.4,24633,7293,251,287,87.5,652,718,90.8,193,305,63.3,0,0.1,-0.1,2,69,5,0,70,Matches
287,Hugo Lloris\8f62b6ee,fr FRA,GK,Tottenham,34,1986,38.0,746,943,79.1,20372,11588,197,199,99.0,290,293,99.0,249,441,56.5,0,0.5,-0.5,3,16,0,0,0,Matches
288,Giovani Lo Celso\d7553721,ar ARG,MFFW,Tottenham,25,1996,2.6,117,148,79.1,1855,340,63,69,91.3,28,36,77.8,16,22,72.7,0,0.6,-0.6,5,14,1,0,6,Matches
289,Jürgen Locadia\6cc47ae1,nl NED,FW,Brighton,27,1993,0.3,2,3,66.7,43,0,0,0,,2,2,100.0,0,0,,0,0.0,0.0,0,0,0,0,0,Matches
290,Ruben Loftus-Cheek\e97fd090,eng ENG,MFDF,Chelsea,25,1996,15.5,877,968,90.6,15040,3092,402,430,93.5,392,429,91.4,68,81,84.0,2,1.9,+0.1,16,71,20,0,79,Matches
291,Kevin Long\5a4280b1,ie IRL,DF,Burnley,30,1990,4.6,80,98,81.6,1912,599,20,23,87.0,39,44,88.6,21,28,75.0,0,0.0,0.0,0,1,0,0,1,Matches
292,Shane Long\9f472354,ie IRL,FW,Southampton,34,1987,3.4,46,75,61.3,492,127,34,53,64.2,8,13,61.5,0,1,0.0,0,0.1,-0.1,2,3,2,0,7,Matches
293,Sean Longstaff\a2b105e0,eng ENG,MF,Newcastle Utd,23,1997,16.3,491,606,81.0,9524,2351,203,238,85.3,191,218,87.6,77,116,66.4,1,0.7,+0.3,6,40,4,0,37,Matches
294,Ademola Lookman\7c104bb7,ng NGA,FWMF,Leicester City,23,1997,16.1,418,536,78.0,5738,1512,266,305,87.2,121,155,78.1,16,33,48.5,0,1.9,-1.9,22,23,22,4,49,Matches
295,Jonas Lössl\939bc634,dk DEN,GK,Brentford,32,1989,2.0,44,62,71.0,1361,781,7,7,100.0,17,17,100.0,19,37,51.4,0,0.0,0.0,0,2,0,0,1,Matches
296,Imran Louza\e1df6989,ma MAR,MF,Watford,22,1999,15.7,536,716,74.9,10967,3325,204,244,83.6,227,270,84.1,97,182,53.3,0,1.0,-1.0,17,60,7,1,53,Matches
297,Matthew Lowton\9a9c05db,eng ENG,DF,Burnley,32,1989,19.7,598,871,68.7,11984,5696,287,325,88.3,196,268,73.1,109,242,45.0,2,1.3,+0.7,14,61,21,8,80,Matches
298,Douglas Luiz\6f7d826d,br BRA,MF,Aston Villa,23,1998,30.2,1246,1495,83.3,23908,6485,493,549,89.8,541,613,88.3,186,289,64.4,3,2.5,+0.5,36,88,20,2,101,Matches
299,Romelu Lukaku\5eae500a,be BEL,FW,Chelsea,28,1993,17.7,234,320,73.1,2993,430,151,185,81.6,56,82,68.3,10,17,58.8,0,3.0,-3.0,21,7,9,0,16,Matches
300,Lyanco\b5bf1770,br BRA,DF,Southampton,24,1997,10.1,277,369,75.1,6108,2109,75,84,89.3,152,173,87.9,48,106,45.3,0,0.1,-0.1,3,22,2,0,19,Matches
301,Alexis Mac Allister\83d074ff,ar ARG,MFFW,Brighton,22,1998,23.6,877,1081,81.1,16475,4301,395,457,86.4,344,382,90.1,123,194,63.4,2,1.5,+0.5,27,99,28,3,109,Matches
302,James Maddison\ee38d9c5,eng ENG,MFFW,Leicester City,24,1996,27.3,777,1075,72.3,14931,4401,329,392,83.9,316,387,81.7,119,249,47.8,8,4.8,+3.2,43,79,35,5,104,Matches
303,Harry Maguire\d8931174,eng ENG,DF,Manchester Utd,28,1993,27.9,1320,1512,87.3,29868,8946,346,378,91.5,687,747,92.0,277,368,75.3,0,0.2,-0.2,3,125,2,0,86,Matches
304,Riyad Mahrez\892d5bb1,dz ALG,FW,Manchester City,30,1991,16.6,767,930,82.5,13516,2654,377,422,89.3,299,346,86.4,84,143,58.7,5,3.7,+1.3,41,20,39,6,61,Matches
305,Ainsley Maitland-Niles\e3a5814e,eng ENG,MF,Arsenal,23,1997,3.0,105,136,77.2,1923,603,48,59,81.4,47,55,85.5,10,19,52.6,0,0.3,-0.3,3,12,3,0,13,Matches
306,Sadio Mané\c691bfe2,sn SEN,FW,Liverpool,29,1992,31.3,819,1091,75.1,13609,2896,424,510,83.1,291,390,74.6,83,109,76.1,2,4.4,-2.4,36,59,54,6,103,Matches
307,Javier Manquillo\758dd7f0,es ESP,DF,Newcastle Utd,27,1994,14.0,298,406,73.4,4242,1731,175,203,86.2,94,132,71.2,15,42,35.7,2,0.3,+1.7,4,14,2,0,17,Matches
308,Fernando Marçal\9ae9eaea,br BRA,DF,Wolves,32,1989,16.1,677,870,77.8,11769,4012,313,351,89.2,303,368,82.3,53,114,46.5,0,0.7,-0.7,10,28,8,5,50,Matches
309,Solly March\bb5fbd2b,eng ENG,DFFW,Brighton,27,1994,19.4,553,766,72.2,10479,2801,268,325,82.5,194,262,74.0,78,139,56.1,2,2.7,-0.7,35,28,33,10,55,Matches
310,Pablo Marí\aa54ec6f,es ESP,DF,Arsenal,27,1993,2.0,78,86,90.7,1640,531,23,26,88.5,40,41,97.6,14,17,82.4,0,0.1,-0.1,1,9,0,0,8,Matches
311,Anthony Martial\8b788c01,fr FRA,FW,Manchester Utd,25,1995,2.4,66,85,77.6,984,236,36,45,80.0,28,33,84.8,2,4,50.0,0,0.1,-0.1,1,2,4,0,8,Matches
312,Martinelli\48a5a5d6,br BRA,FWMF,Arsenal,20,2001,20.7,453,612,74.0,7430,1415,228,272,83.8,174,218,79.8,39,83,47.0,6,3.3,+2.7,34,11,16,5,31,Matches
313,Emiliano Martínez\7956236f,ar ARG,GK,Aston Villa,28,1992,36.0,781,1081,72.2,23521,13735,151,152,99.3,338,341,99.1,288,583,49.4,0,0.0,0.0,0,13,0,0,0,Matches
314,Adam Masina\de0f152c,ma MAR,DF,Watford,27,1994,12.0,380,540,70.4,8031,3644,110,128,85.9,194,245,79.2,70,154,45.5,1,0.7,+0.3,8,27,7,5,32,Matches
315,Arthur Masuaku\57df7a11,cd COD,DFFW,West Ham,27,1993,7.2,293,375,78.1,4634,1567,163,182,89.6,113,145,77.9,15,41,36.6,1,0.9,+0.1,3,22,6,2,24,Matches
316,Juan Mata\29733c72,es ESP,MF,Manchester Utd,33,1988,2.6,182,211,86.3,2951,541,100,107,93.5,58,71,81.7,18,24,75.0,0,0.2,-0.2,2,18,4,2,9,Matches
317,Jean-Philippe Mateta\50e6dc35,fr FRA,FW,Crystal Palace,24,1997,12.7,169,243,69.5,2071,249,112,144,77.8,43,62,69.4,3,11,27.3,1,1.3,-0.3,7,4,3,1,4,Matches
318,Nemanja Matić\eb7822d7,rs SRB,MF,Manchester Utd,32,1988,15.4,881,1010,87.2,16793,4730,364,410,88.8,373,410,91.0,125,149,83.9,4,1.8,+2.2,13,101,8,1,87,Matches
319,Joël Matip\b217ef29,cm CMR,DF,Liverpool,29,1991,31.0,2015,2238,90.0,43619,12745,528,584,90.4,1097,1172,93.6,379,457,82.9,3,1.2,+1.8,11,196,13,0,157,Matches
320,Neal Maupay\4bcf39f6,fr FRA,FW,Brighton,24,1996,25.3,479,617,77.6,6848,1033,289,343,84.3,139,171,81.3,24,36,66.7,2,2.2,-0.2,23,16,26,2,35,Matches
321,Bryan Mbeumo\6afaebf2,fr FRA,FW,Brentford,21,1999,32.3,544,814,66.8,8912,1866,302,381,79.3,164,245,66.9,58,118,49.2,7,3.6,+3.4,36,25,26,5,49,Matches
322,James McArthur\cee31595,sct SCO,MF,Crystal Palace,33,1987,16.0,772,927,83.3,14378,3105,305,348,87.6,348,383,90.9,95,150,63.3,3,1.0,+2.0,15,60,17,7,65,Matches
323,James Mcatee\96593e89,eng ENG,MFFW,Manchester City,18,2002,0.2,9,13,69.2,145,5,4,6,66.7,5,6,83.3,0,1,0.0,0,0.0,0.0,0,0,0,0,0,Matches
324,Kasey McAteer\b2c66859,eng ENG,FW,Leicester City,19,2001,0.0,1,1,100.0,8,0,1,1,100.0,0,0,,0,0,,0,0.0,0.0,0,0,0,0,0,Matches
325,Liam McCarron\076bb352,sct SCO,FW,Leeds United,20,2001,0.1,2,2,100.0,53,0,0,0,,1,1,100.0,1,1,100.0,0,0.0,0.0,0,0,0,0,0,Matches
326,Alex McCarthy\36c2ca73,eng ENG,GK,Southampton,31,1989,17.0,315,510,61.8,9616,6216,57,57,100.0,144,146,98.6,109,301,36.2,0,0.0,0.0,1,8,0,0,0,Matches
327,John McGinn\90f91999,sct SCO,MF,Aston Villa,26,1994,34.3,1004,1339,75.0,22660,8673,356,417,85.4,419,511,82.0,223,380,58.7,4,4.9,-0.9,53,171,49,16,166,Matches
328,Stuart McKinstry\1000a059,sct SCO,MF,Leeds United,18,2002,0.0,3,4,75.0,31,2,1,1,100.0,1,1,100.0,0,1,0.0,0,0.0,0.0,0,0,0,0,0,Matches
329,Kenny McLean\471f16b3,sct SCO,MF,Norwich City,29,1992,30.1,782,1060,73.8,14338,4390,360,429,83.9,309,396,78.0,101,185,54.6,0,0.7,-0.7,8,71,20,1,83,Matches
330,Dwight McNeil\fc15fb84,eng ENG,MF,Burnley,21,1999,34.5,798,1150,69.4,15776,4702,345,404,85.4,289,365,79.2,142,299,47.5,1,4.8,-3.8,47,64,48,26,71,Matches
331,Scott McTominay\d93c2511,sct SCO,MF,Manchester Utd,24,1996,26.5,1059,1246,85.0,20337,5175,427,495,86.3,460,517,89.0,151,187,80.7,1,1.8,-0.8,19,103,9,1,99,Matches
332,Ben Mee\8df7a2fb,eng ENG,DF,Burnley,31,1989,20.4,539,734,73.4,13349,5065,140,160,87.5,245,295,83.1,148,259,57.1,0,0.1,-0.1,2,54,3,1,47,Matches
333,Hannibal Mejbri\ca22ccb0,tn TUN,FW,Manchester Utd,18,2003,0.8,17,21,81.0,226,12,9,12,75.0,7,7,100.0,0,1,0.0,0,0.0,0.0,0,1,0,0,0,Matches
334,Benjamin Mendy\5271c8f1,fr FRA,DF,Manchester City,27,1994,0.9,73,87,83.9,1355,452,26,30,86.7,38,38,100.0,8,14,57.1,0,0.3,-0.3,2,6,1,1,8,Matches
335,Edouard Mendy\33887998,sn SEN,GK,Chelsea,29,1992,34.0,781,939,83.2,18696,10527,225,227,99.1,341,348,98.0,195,343,56.9,0,0.0,0.0,0,2,0,0,0,Matches
336,Nampalys Mendy\1598599e,sn SEN,MF,Leicester City,29,1992,11.5,602,650,92.6,10960,1530,255,266,95.9,273,291,93.8,62,74,83.8,0,0.0,0.0,1,33,1,0,21,Matches
337,Illan Meslier\6b625ac2,fr FRA,GK,Leeds United,21,2000,37.6,1008,1377,73.2,25469,12478,226,227,99.6,506,512,98.8,270,630,42.9,0,0.0,0.0,0,2,0,0,0,Matches
338,Luka Milivojević\2ce2508a,rs SRB,MF,Crystal Palace,30,1991,8.6,387,485,79.8,7751,2142,135,156,86.5,172,205,83.9,68,102,66.7,0,0.8,-0.8,10,27,6,2,34,Matches
339,James Milner\2f90f6b8,eng ENG,MFDF,Liverpool,35,1986,9.5,623,749,83.2,12231,3712,243,275,88.4,276,312,88.5,95,139,68.3,1,2.2,-1.2,20,74,20,2,75,Matches
340,Yerry Mina\6d5701f2,co COL,DF,Everton,26,1994,9.4,289,353,81.9,6235,1788,86,100,86.0,130,151,86.1,60,82,73.2,0,0.0,0.0,0,15,0,0,12,Matches
341,Takumi Minamino\f833a830,jp JPN,FWMF,Liverpool,26,1995,2.1,63,75,84.0,848,181,38,44,86.4,19,20,95.0,2,7,28.6,0,0.5,-0.5,2,5,2,0,6,Matches
342,Tyrone Mings\8397a50c,eng ENG,DF,Aston Villa,28,1993,35.4,1272,1580,80.5,28303,10048,334,390,85.6,697,768,90.8,232,394,58.9,3,1.5,+1.5,10,76,6,1,75,Matches
343,Tyrick Mitchell\5cbd1eb0,eng ENG,DF,Crystal Palace,21,1999,34.5,1383,1898,72.9,23616,11393,633,719,88.0,621,801,77.5,103,276,37.3,2,1.3,+0.7,20,98,36,16,133,Matches
344,Jakub Moder\f230bc30,pl POL,MFFW,Brighton,22,1999,18.9,590,806,73.2,9527,2782,303,366,82.8,223,299,74.6,47,82,57.3,3,1.7,+1.3,14,52,19,3,67,Matches
345,Wesley Moraes\bfae110f,br BRA,FW,Aston Villa,24,1996,0.0,2,2,100.0,19,10,2,2,100.0,0,0,,0,0,,0,0.0,0.0,0,0,0,0,1,Matches
346,Tyler Morton\2bc28bb9,eng ENG,MF,Liverpool,18,2002,0.7,32,37,86.5,586,122,14,15,93.3,14,15,93.3,4,6,66.7,0,0.0,0.0,0,8,0,0,3,Matches
347,Mason Mount\9674002f,eng ENG,MFFW,Chelsea,22,1999,26.3,991,1272,77.9,15394,4619,552,616,89.6,313,394,79.4,80,174,46.0,10,6.7,+3.3,58,65,54,10,122,Matches
348,Lucas Moura\2b622f01,br BRA,FWMF,Tottenham,28,1992,19.7,576,765,75.3,8966,2463,320,372,86.0,211,281,75.1,31,68,45.6,6,4.4,+1.6,33,51,34,6,82,Matches
349,João Moutinho\f5a00fa4,pt POR,MF,Wolves,34,1986,33.0,1671,1983,84.3,34677,7380,568,642,88.5,764,847,90.2,312,436,71.6,1,2.4,-1.4,38,148,20,3,138,Matches
350,Bali Mumba\2d760d7b,eng ENG,DF,Norwich City,19,2001,0.5,7,10,70.0,99,36,5,6,83.3,2,2,100.0,0,2,0.0,0,0.0,0.0,0,1,0,0,1,Matches
351,Jacob Murphy\de112b84,eng ENG,FWDF,Newcastle Utd,26,1995,16.4,364,572,63.6,6202,2264,180,231,77.9,136,190,71.6,37,99,37.4,2,2.1,-0.1,18,26,19,10,35,Matches
352,Enock Mwepu\1d5cab82,zm ZAM,MFFW,Brighton,23,1998,11.1,300,398,75.4,4623,983,162,197,82.2,103,124,83.1,23,46,50.0,4,1.4,+2.6,8,12,3,0,19,Matches
353,Vitaliy Mykolenko\30d4a2e5,ua UKR,DF,Everton,22,1999,11.7,324,461,70.3,5286,2295,179,201,89.1,106,161,65.8,31,78,39.7,0,0.8,-0.8,8,19,9,5,23,Matches
354,Marvelous Nakamba\de5b5570,zw ZIM,MF,Aston Villa,27,1994,10.0,319,374,85.3,5376,1432,149,170,87.6,142,158,89.9,24,36,66.7,0,0.1,-0.1,3,24,1,0,27,Matches
355,Wilfred Ndidi\6b47c5db,ng NGA,MFDF,Leicester City,24,1996,18.0,757,919,82.4,13270,3273,348,404,86.1,328,370,88.6,67,104,64.4,0,0.0,0.0,0,37,4,0,52,Matches
356,Tanguy Ndombele\5cdddffa,fr FRA,MF,Tottenham,24,1996,5.4,228,264,86.4,3672,827,120,129,93.0,81,95,85.3,20,25,80.0,1,0.4,+0.6,4,23,4,0,20,Matches
357,Reiss Nelson\c5bdb6e3,eng ENG,FW,Arsenal,21,1999,0.2,10,11,90.9,117,17,6,6,100.0,3,3,100.0,0,0,,0,0.0,0.0,1,1,0,0,1,Matches
358,Pedro Neto\7ba2eaa9,pt POR,FWMF,Wolves,21,2000,5.2,171,228,75.0,2895,620,92,99,92.9,56,71,78.9,18,41,43.9,1,1.1,-0.1,13,3,4,2,10,Matches
359,Rúben Neves\44bfb6c5,pt POR,MF,Wolves,24,1997,29.6,1593,1925,82.8,38841,8227,343,401,85.5,818,913,89.6,423,573,73.8,2,2.2,-0.2,23,196,31,4,146,Matches
360,Jeremy Ngakia\3631ad41,eng ENG,DF,Watford,20,2000,10.0,322,433,74.4,5991,2810,129,149,86.6,150,184,81.5,39,82,47.6,0,0.5,-0.5,4,29,8,3,31,Matches
361,Saúl Ñíguez\c14bc029,es ESP,MFDF,Chelsea,26,1994,5.3,302,348,86.8,5152,988,148,161,91.9,115,130,88.5,31,43,72.1,0,0.3,-0.3,3,13,2,2,7,Matches
362,Eddie Nketiah\a53649b7,eng ENG,FW,Arsenal,22,1999,9.3,187,233,80.3,2928,385,96,115,83.5,76,89,85.4,9,14,64.3,1,1.4,-0.4,11,6,4,0,10,Matches
363,Nicolas Nkoulou\93cf32a8,cm CMR,DF,Watford,31,1990,1.9,46,53,86.8,1088,162,10,11,90.9,24,27,88.9,11,14,78.6,0,0.0,0.0,1,2,0,0,1,Matches
364,Mark Noble\ff527768,eng ENG,MF,West Ham,34,1987,3.7,249,276,90.2,4670,1166,94,102,92.2,123,127,96.9,30,43,69.8,0,0.2,-0.2,2,21,0,0,9,Matches
365,Mathias Normann\8996350d,no NOR,MF,Norwich City,25,1996,18.3,537,778,69.0,12005,3792,182,220,82.7,236,311,75.9,112,220,50.9,2,1.8,+0.2,13,56,13,2,67,Matches
366,Christian Nørgaard\df0a4c90,dk DEN,MF,Brentford,27,1994,33.9,1318,1652,79.8,24092,7080,558,667,83.7,566,669,84.6,158,240,65.8,4,3.1,+0.9,29,148,27,6,163,Matches
367,Angelo Ogbonna\74b2cd7e,it ITA,DF,West Ham,33,1988,10.2,392,452,86.7,8588,2244,98,103,95.1,226,240,94.2,65,103,63.1,0,0.0,0.0,0,18,0,0,10,Matches
368,Michael Olise\c4486bac,fr FRA,FWMF,Crystal Palace,19,2001,12.7,464,640,72.5,8506,2476,215,255,84.3,185,243,76.1,58,119,48.7,5,3.4,+1.6,24,29,27,8,65,Matches
369,Robin Olsen\e7ee38c3,se SWE,GK,Aston Villa,31,1990,1.0,25,48,52.1,955,679,4,4,100.0,8,8,100.0,12,34,35.3,0,0.0,0.0,0,0,0,0,0,Matches
370,Andrew Omobamidele\c393a6c4,ie IRL,DF,Norwich City,19,2002,4.2,196,226,86.7,3981,1133,68,77,88.3,94,103,91.3,32,42,76.2,0,0.0,0.0,0,11,0,0,13,Matches
371,Tyler Onyango\d86a1f3e,eng ENG,MFFW,Everton,18,2003,0.3,0,1,0.0,0,0,0,0,,0,1,0.0,0,0,,0,0.0,0.0,0,0,0,0,0,Matches
372,Frank Onyeka\2944f86f,ng NGA,MF,Brentford,23,1998,11.6,261,328,79.6,4459,935,116,141,82.3,113,130,86.9,26,40,65.0,0,0.2,-0.2,4,19,6,0,22,Matches
373,Divock Origi\43a166b4,be BEL,FW,Liverpool,26,1995,1.5,30,37,81.1,374,75,19,25,76.0,6,6,100.0,1,1,100.0,0,0.0,0.0,0,2,1,0,2,Matches
374,Alex Oxlade-Chamberlain\38c7feef,eng ENG,MFFW,Liverpool,27,1993,8.7,318,403,78.9,6344,1474,125,149,83.9,130,152,85.5,55,80,68.8,1,0.9,+0.1,9,40,16,3,45,Matches
375,Cole Palmer\dc7f8a28,eng ENG,FWMF,Manchester City,19,2002,1.4,45,53,84.9,621,114,29,31,93.5,11,14,78.6,4,6,66.7,0,0.2,-0.2,2,2,4,0,5,Matches
376,Emerson Palmieri\e0bc6fdc,it ITA,DF,Chelsea,26,1994,0.1,1,2,50.0,8,0,1,1,100.0,0,0,,0,0,,0,0.0,0.0,0,0,0,0,0,Matches
377,Thomas Partey\529f49ab,gh GHA,MF,Arsenal,28,1993,22.5,1016,1183,85.9,19557,4742,420,465,90.3,422,477,88.5,158,210,75.2,1,1.3,-0.3,18,111,13,0,116,Matches
378,João Pedro\e8832875,br BRA,FWMF,Watford,19,2001,18.3,397,576,68.9,6697,1733,213,292,72.9,120,170,70.6,47,71,66.2,1,2.6,-1.6,17,41,21,4,56,Matches
379,Nicolas Pépé\57e3f0c7,ci CIV,FWMF,Arsenal,26,1995,7.7,293,365,80.3,4404,1006,174,200,87.0,86,105,81.9,19,40,47.5,2,1.7,+0.3,13,10,10,3,14,Matches
380,Ricardo Pereira\75a72a99,pt POR,DF,Leicester City,27,1993,11.0,520,646,80.5,8123,2772,290,320,90.6,199,234,85.0,26,61,42.6,3,1.3,+1.7,10,17,15,3,38,Matches
381,Ayoze Pérez\819aa8e7,es ESP,MFFW,Leicester City,28,1993,4.9,121,155,78.1,1881,523,68,83,81.9,39,50,78.0,9,13,69.2,3,0.9,+2.1,9,9,6,0,20,Matches
382,Sonny Perkins\87f12e30,eng ENG,FW,West Ham,17,2004,0.0,0,1,0.0,0,0,0,0,,0,1,0.0,0,0,,0,0.0,0.0,0,0,0,0,0,Matches
383,Romain Perraud\6dfd8f05,fr FRA,DF,Southampton,23,1997,18.0,492,750,65.6,7475,3191,280,325,86.2,173,274,63.1,24,99,24.2,1,0.6,+0.4,10,29,14,5,44,Matches
384,Kalvin Phillips\4f565d77,eng ENG,MF,Leeds United,25,1995,17.7,769,944,81.5,16912,4283,240,279,86.0,360,395,91.1,160,246,65.0,1,0.2,+0.8,8,78,14,2,73,Matches
385,Jaden Philogene Bidace\19f4d211,eng ENG,FW,Aston Villa,19,2002,0.1,0,0,,0,0,0,0,,0,0,,0,0,,0,0.0,0.0,0,0,0,0,0,Matches
386,Jordan Pickford\4806ec67,eng ENG,GK,Everton,27,1994,35.0,594,1135,52.3,25486,18650,63,63,100.0,184,187,98.4,345,883,39.1,0,0.1,-0.1,4,60,3,0,0,Matches
387,Erik Pieters\1ef37668,nl NED,DF,Burnley,32,1988,8.1,242,344,70.3,4074,1707,122,149,81.9,95,121,78.5,20,56,35.7,1,0.8,+0.2,1,19,1,0,22,Matches
388,Ethan Pinnock\e541326e,jm JAM,DF,Brentford,28,1993,29.9,1180,1555,75.9,23816,8986,398,463,86.0,590,746,79.1,179,313,57.2,1,1.2,-0.2,10,67,7,3,58,Matches
389,Daniel Podence\7fcc71d8,pt POR,FWMF,Wolves,25,1995,16.5,465,636,73.1,7740,2437,243,296,82.1,149,199,74.9,54,94,57.4,3,3.8,-0.8,35,32,36,10,77,Matches
390,Paul Pogba\867239d3,fr FRA,MFFW,Manchester Utd,28,1993,15.0,738,879,84.0,14891,3918,302,345,87.5,281,315,89.2,134,171,78.4,9,3.5,+5.5,24,110,26,5,94,Matches
391,Nick Pope\4b40d9ca,eng ENG,GK,Burnley,29,1992,36.0,530,1078,49.2,25133,20295,26,30,86.7,113,118,95.8,390,926,42.1,0,0.2,-0.2,3,45,3,0,0,Matches
392,Isaac Price\b9403c99,nir NIR,MF,Everton,17,2003,0.2,1,1,100.0,16,0,0,0,,1,1,100.0,0,0,,0,0.0,0.0,0,0,0,0,0,Matches
393,Teemu Pukki\0745b37d,fi FIN,FW,Norwich City,31,1990,36.1,392,526,74.5,6053,849,222,276,80.4,130,167,77.8,28,40,70.0,3,2.8,+0.2,25,16,6,1,24,Matches
394,Christian Pulisic\1bf33a9a,us USA,MFFW,Chelsea,22,1998,14.3,368,462,79.7,5338,1043,232,269,86.2,119,145,82.1,11,19,57.9,2,1.2,+0.8,15,23,10,0,30,Matches
395,Przemysław Płacheta\3c33f9d9,pl POL,FWMF,Norwich City,23,1998,5.6,107,157,68.2,1840,560,57,68,83.8,33,45,73.3,13,25,52.0,0,0.7,-0.7,4,9,4,2,12,Matches
396,Jesuran Rak Sakyi\45685411,eng ENG,FWMF,Crystal Palace,18,2002,0.9,25,30,83.3,322,56,17,19,89.5,6,7,85.7,1,1,100.0,0,0.0,0.0,0,1,0,0,1,Matches
397,Aaron Ramsdale\466fb2c5,eng ENG,GK,Arsenal,23,1998,34.0,788,1156,68.2,22393,13488,181,183,98.9,356,362,98.3,247,604,40.9,0,0.0,0.0,0,28,0,0,1,Matches
398,Jacob Ramsey\1544f145,eng ENG,MF,Aston Villa,20,2001,27.4,898,1042,86.2,15450,3923,434,484,89.7,348,389,89.5,97,120,80.8,1,2.0,-1.0,19,88,22,3,93,Matches
399,Marcus Rashford\a1d5bd30,eng ENG,FWMF,Manchester Utd,23,1997,13.7,297,422,70.4,4190,851,185,236,78.4,84,121,69.4,15,33,45.5,2,2.0,0.0,9,18,11,3,26,Matches
400,Milot Rashica\6c6a3300,xk KVX,FWMF,Norwich City,25,1996,24.8,376,597,63.0,7238,2210,167,213,78.4,148,217,68.2,56,138,40.6,2,2.6,-0.6,37,31,22,8,41,Matches
401,David Raya\98ea5115,es ESP,GK,Brentford,25,1995,24.0,705,1051,67.1,24502,16309,98,98,100.0,282,288,97.9,322,659,48.9,0,0.0,0.0,1,36,1,0,3,Matches
402,Nathan Redmond\ab651565,eng ENG,MFFW,Southampton,27,1994,20.4,511,726,70.4,8591,2591,264,318,83.0,180,257,70.0,49,114,43.0,5,4.3,+0.7,34,31,44,14,78,Matches
403,Sergio Reguilón\3353737a,es ESP,DF,Tottenham,24,1996,21.3,744,986,75.5,13194,4159,356,420,84.8,307,391,78.5,72,132,54.5,3,4.0,-1.0,30,32,29,20,52,Matches
404,Declan Rice\1c7012b8,eng ENG,MF,West Ham,22,1999,35.3,1950,2151,90.7,39536,9246,730,781,93.5,879,942,93.3,320,387,82.7,4,2.0,+2.0,24,242,31,10,149,Matches
405,Taylor Richards\e0243d23,eng ENG,MFFW,Brighton,20,2000,0.3,23,27,85.2,431,111,7,8,87.5,12,14,85.7,3,3,100.0,0,0.0,0.0,0,2,0,0,2,Matches
406,Richarlison\fa031b34,br BRA,FWMF,Everton,24,1997,28.0,352,570,61.8,5326,1162,184,256,71.9,122,174,70.1,23,54,42.6,5,2.4,+2.6,26,22,11,1,34,Matches
407,Jaïro Riedewald\7a1f2c08,nl NED,MF,Crystal Palace,24,1996,1.3,45,54,83.3,920,217,13,16,81.3,26,27,96.3,6,9,66.7,0,0.1,-0.1,2,3,0,0,4,Matches
408,Matt Ritchie\71ef519e,sct SCO,DF,Newcastle Utd,31,1989,14.9,511,703,72.7,10284,5160,233,260,89.6,175,217,80.6,97,208,46.6,2,1.6,+0.4,29,39,15,7,48,Matches
409,Connor Roberts\24fae784,wls WAL,DF,Burnley,25,1995,18.8,562,834,67.4,10640,4678,246,283,86.9,228,327,69.7,83,202,41.1,1,1.1,-0.1,13,41,17,7,63,Matches
410,Tyler Roberts\6c17e046,wls WAL,MFFW,Leeds United,22,1999,11.0,222,301,73.8,3529,831,119,145,82.1,67,90,74.4,22,38,57.9,1,1.2,-0.2,15,18,12,3,24,Matches
411,Andrew Robertson\2e4f5f03,sct SCO,DF,Liverpool,27,1994,28.2,1859,2294,81.0,33724,11980,846,923,91.7,821,955,86.0,183,356,51.4,10,5.2,+4.8,55,139,49,14,198,Matches
412,Joe Rodon\8d62d31a,wls WAL,DF,Tottenham,23,1997,1.0,28,31,90.3,598,152,8,8,100.0,14,16,87.5,6,7,85.7,0,0.0,0.0,0,2,0,0,0,Matches
413,Rodri\6434f10d,es ESP,MF,Manchester City,25,1996,32.0,2587,2796,92.5,52886,10194,932,983,94.8,1215,1286,94.5,424,491,86.4,2,1.4,+0.6,25,242,36,1,179,Matches
414,Rodrigo\1fb1c435,es ESP,MFFW,Leeds United,30,1991,25.2,667,895,74.5,11252,2788,347,437,79.4,218,275,79.3,77,116,66.4,1,4.6,-3.6,40,67,34,10,76,Matches
415,Jay Rodriguez\4ab53cdb,eng ENG,FW,Burnley,32,1989,15.4,209,319,65.5,2729,733,141,180,78.3,46,88,52.3,7,21,33.3,2,1.9,+0.1,12,17,3,1,18,Matches
416,Mads Roerslev\57c94db2,dk DEN,DF,Brentford,22,1999,13.8,230,344,66.9,4264,1403,89,110,80.9,105,150,70.0,30,64,46.9,1,0.9,+0.1,9,12,10,9,26,Matches
417,Cristian Romero\a3d94a58,ar ARG,DF,Tottenham,23,1998,20.5,1117,1278,87.4,22003,7095,398,434,91.7,558,591,94.4,150,222,67.6,0,0.5,-0.5,6,58,7,0,52,Matches
418,Oriol Romeu\4b511457,es ESP,MF,Southampton,29,1991,32.1,1396,1685,82.8,26627,6081,608,701,86.7,572,664,86.1,192,266,72.2,2,2.8,-0.8,35,125,25,2,125,Matches
419,Cristiano Ronaldo\dea698d9,pt POR,FW,Manchester Utd,36,1985,27.3,718,888,80.9,9995,1448,443,514,86.2,217,265,81.9,28,41,68.3,3,3.1,-0.1,24,37,16,0,49,Matches
420,Salomón Rondón\b318a643,ve VEN,FW,Everton,31,1989,8.8,128,192,66.7,1600,237,80,107,74.8,26,48,54.2,5,9,55.6,1,0.7,+0.3,7,7,2,0,4,Matches
421,Danny Rose\89d10e53,eng ENG,DF,Watford,31,1990,7.7,221,331,66.8,4636,2661,81,91,89.0,97,132,73.5,39,88,44.3,0,0.8,-0.8,5,24,7,1,32,Matches
422,Jon Rowe\8c12f884,eng ENG,FWMF,Norwich City,18,2003,2.5,50,71,70.4,630,210,33,39,84.6,10,15,66.7,3,8,37.5,1,0.3,+0.7,4,2,2,0,4,Matches
423,John Ruddy\da8b19e2,eng ENG,GK,Wolves,34,1986,1.5,19,29,65.5,558,382,5,5,100.0,6,6,100.0,8,18,44.4,0,0.0,0.0,0,1,0,0,0,Matches
424,Antonio Rüdiger\18b896d6,de GER,DF,Chelsea,28,1993,33.7,2162,2447,88.4,46177,13796,656,697,94.1,1137,1210,94.0,356,504,70.6,0,1.1,-1.1,13,220,29,4,161,Matches
425,Lukas Rupp\3faa1780,de GER,MF,Norwich City,30,1991,8.5,327,393,83.2,5589,1339,162,177,91.5,122,141,86.5,33,52,63.5,0,1.2,-1.2,9,18,6,1,29,Matches
426,José Sá\903b6e8b,pt POR,GK,Wolves,28,1993,36.5,740,1089,68.0,21883,12476,147,148,99.3,300,304,98.7,286,629,45.5,1,1.0,0.0,4,14,2,0,1,Matches
427,Allan Saint-Maximin\2b16cb1a,fr FRA,FWMF,Newcastle Utd,24,1997,31.2,547,758,72.2,9115,2128,282,340,82.9,198,262,75.6,51,95,53.7,5,5.8,-0.8,51,45,32,9,56,Matches
428,Romain Saïss\9fbbcf39,ma MAR,DF,Wolves,31,1990,30.1,1415,1718,82.4,29554,13832,440,483,91.1,748,846,88.4,217,359,60.4,0,0.4,-0.4,6,150,2,0,120,Matches
429,Bukayo Saka\bc7dc64d,eng ENG,FWMF,Arsenal,19,2001,33.1,892,1184,75.3,13502,3277,514,604,85.1,293,376,77.9,58,126,46.0,7,6.9,+0.1,65,36,32,7,73,Matches
430,Mohamed Salah\e342ad68,eg EGY,FW,Liverpool,29,1992,30.7,869,1118,77.7,12439,3620,550,633,86.9,256,332,77.1,39,74,52.7,13,10.4,+2.6,61,35,61,8,123,Matches
431,Mohammed Salisu\0b33f6ad,gh GHA,DF,Southampton,22,1999,33.0,1375,1780,77.2,27017,11298,497,575,86.4,699,829,84.3,168,344,48.8,0,0.5,-0.5,8,149,7,2,118,Matches
432,Albert Sambi Lokonga\1b4f1169,be BEL,MF,Arsenal,21,1999,12.6,719,802,89.7,13212,2841,311,336,92.6,305,327,93.3,91,123,74.0,0,0.8,-0.8,18,64,17,1,61,Matches
433,Davinson Sánchez\da7b447d,co COL,DF,Tottenham,25,1996,18.1,972,1088,89.3,19470,5422,317,339,93.5,517,546,94.7,126,179,70.4,0,0.4,-0.4,4,78,8,1,52,Matches
434,Robert Sánchez\6a713852,es ESP,GK,Brighton,23,1997,37.0,1053,1500,70.2,30548,15632,163,164,99.4,545,556,98.0,345,777,44.4,0,0.4,-0.4,3,28,2,0,1,Matches
435,Jadon Sancho\dbf053da,eng ENG,FWMF,Manchester Utd,21,2000,21.1,810,982,82.5,11532,2687,500,576,86.8,256,308,83.1,32,49,65.3,3,4.2,-1.2,41,27,36,6,72,Matches
436,Morgan Sanson\6e7f1353,fr FRA,MF,Aston Villa,26,1994,4.0,121,157,77.1,2086,490,61,65,93.8,52,65,80.0,7,18,38.9,0,0.0,0.0,1,15,1,0,10,Matches
437,Samir Santos\92b4758e,br BRA,DF,Watford,26,1994,18.6,537,659,81.5,11529,3410,156,170,91.8,278,315,88.3,93,159,58.5,0,0.1,-0.1,2,24,2,0,22,Matches
438,Josh Sargent\a8d4428b,us USA,FWMF,Norwich City,21,2000,17.5,298,402,74.1,3985,857,201,243,82.7,78,109,71.6,12,19,63.2,1,0.7,+0.3,13,6,3,0,20,Matches
439,Jeremy Sarmiento\ac0d576d,ec ECU,FWMF,Brighton,19,2002,0.5,14,20,70.0,178,32,8,12,66.7,5,7,71.4,0,0,,0,0.0,0.0,0,2,1,0,1,Matches
440,Ismaila Sarr\bfdb33aa,sn SEN,FWMF,Watford,23,1998,20.7,330,467,70.7,5383,1369,191,239,79.9,98,135,72.6,32,59,54.2,2,2.5,-0.5,20,21,22,4,45,Matches
441,Malang Sarr\4315f30d,fr FRA,DF,Chelsea,22,1999,6.1,424,473,89.6,8046,2294,155,163,95.1,212,227,93.4,52,72,72.2,0,0.4,-0.4,3,32,2,1,20,Matches
442,Dane Scarlett\21945a9e,eng ENG,MF,Tottenham,17,2004,0.0,1,1,100.0,12,0,1,1,100.0,0,0,,0,0,,0,0.0,0.0,0,0,0,0,0,Matches
443,Fabian Schär\c8aa95da,ch SUI,DF,Newcastle Utd,29,1991,24.0,679,953,71.2,17637,7574,164,197,83.2,320,369,86.7,193,376,51.3,2,0.6,+1.4,6,76,14,1,44,Matches
444,Jeffrey Schlupp\3312f911,gh GHA,MFFW,Crystal Palace,28,1992,20.6,506,667,75.9,9091,2347,217,264,82.2,227,290,78.3,52,79,65.8,1,1.8,-0.8,19,43,10,2,49,Matches
445,Kasper Schmeichel\53af52f3,dk DEN,GK,Leicester City,34,1986,37.0,902,1253,72.0,28636,16086,106,107,99.1,412,415,99.3,382,729,52.4,0,0.0,0.0,1,9,1,0,2,Matches
446,Ken Sema\1770bd68,se SWE,MFFW,Watford,27,1993,9.5,132,213,62.0,2268,697,75,92,81.5,32,54,59.3,17,42,40.5,0,1.2,-1.2,11,7,3,3,4,Matches
447,Nélson Semedo\d04b94db,pt POR,DF,Wolves,27,1993,23.7,908,1152,78.8,13728,4999,519,576,90.1,323,391,82.6,48,129,37.2,1,1.2,-0.2,16,51,10,2,72,Matches
448,Ryan Sessegnon\6aa3e78b,eng ENG,DF,Tottenham,21,2000,11.6,315,424,74.3,5397,1473,157,186,84.4,123,158,77.8,33,57,57.9,2,2.9,-0.9,15,12,15,6,35,Matches
449,Jamie Shackleton\8d03ca5a,eng ENG,DFMF,Leeds United,21,1999,7.9,352,409,86.1,5743,1663,173,189,91.5,146,166,88.0,26,32,81.3,0,0.0,0.0,2,20,3,0,18,Matches
450,Luke Shaw\9c94165b,eng ENG,DF,Manchester Utd,26,1995,17.8,938,1172,80.0,15632,6022,497,547,90.9,333,396,84.1,92,180,51.1,3,3.2,-0.2,39,62,17,6,78,Matches
451,Jonjo Shelvey\3727dd3c,eng ENG,MF,Newcastle Utd,29,1992,22.0,733,914,80.2,17739,5353,217,239,90.8,299,350,85.4,206,305,67.5,1,0.8,+0.2,16,95,10,0,70,Matches
452,Shola Shoretire\00f0482f,eng ENG,FW,Manchester Utd,17,2004,0.2,5,5,100.0,92,21,2,2,100.0,2,2,100.0,1,1,100.0,0,0.0,0.0,0,0,0,0,0,Matches
453,Francisco Sierralta\0f933743,cl CHI,DF,Watford,24,1997,4.7,143,169,84.6,3478,939,20,22,90.9,84,89,94.4,36,54,66.7,0,0.0,0.0,0,3,0,0,3,Matches
454,Bernardo Silva\3eb22ec9,pt POR,MFFW,Manchester City,26,1994,31.7,1698,1921,88.4,27192,4433,923,985,93.7,619,694,89.2,117,160,73.1,4,5.2,-1.2,54,102,42,9,88,Matches
455,Fábio Silva\e7aa9d7c,pt POR,FW,Wolves,19,2002,6.4,93,132,70.5,1268,238,61,75,81.3,23,33,69.7,4,7,57.1,0,0.2,-0.2,4,4,6,0,13,Matches
456,Thiago Silva\86e7deaf,br BRA,DF,Chelsea,36,1984,29.4,2345,2524,92.9,50070,17549,697,721,96.7,1232,1280,96.3,398,489,81.4,0,0.2,-0.2,7,192,16,0,134,Matches
457,Ellis Simms\26d3b5be,eng ENG,FW,Everton,20,2001,0.7,8,15,53.3,89,14,6,10,60.0,2,5,40.0,0,0,,0,0.0,0.0,0,0,0,0,0,Matches
458,Moussa Sissoko\2acd49b9,fr FRA,MF,Watford,31,1989,35.8,945,1185,79.7,16885,4964,462,533,86.7,353,441,80.0,113,158,71.5,1,2.8,-1.8,33,90,23,11,112,Matches
459,Oliver Skipp\6250083a,eng ENG,MF,Tottenham,20,2000,15.0,736,822,89.5,13204,3036,313,336,93.2,343,371,92.5,73,95,76.8,0,0.9,-0.9,7,77,9,1,69,Matches
460,William Smallbone\5e105217,ie IRL,MFFW,Southampton,21,2000,1.5,22,38,57.9,319,93,12,17,70.6,8,14,57.1,1,3,33.3,0,0.1,-0.1,1,1,0,0,1,Matches
461,Emile Smith Rowe\17695062,eng ENG,MFFW,Arsenal,21,2000,21.3,691,811,85.2,10719,2112,390,429,90.9,244,268,91.0,41,82,50.0,2,2.2,-0.2,29,26,25,0,57,Matches
462,Cédric Soares\839c14e1,pt POR,DF,Arsenal,29,1991,16.5,874,1110,78.7,14979,4753,429,476,90.1,336,397,84.6,91,193,47.2,1,1.4,-0.4,18,71,26,14,51,Matches
463,Tomáš Souček\6613c819,cz CZE,MF,West Ham,26,1995,34.0,1035,1332,77.7,19295,4272,455,565,80.5,421,521,80.8,140,197,71.1,1,1.5,-0.5,16,93,14,3,100,Matches
464,Boubakary Soumaré\ae59b359,fr FRA,MF,Leicester City,22,1999,12.2,449,551,81.5,7821,1865,198,239,82.8,197,224,87.9,43,70,61.4,1,0.4,+0.6,5,31,6,1,39,Matches
465,Çağlar Söyüncü\21166ff4,tr TUR,DF,Leicester City,25,1996,27.7,1570,1822,86.2,32036,9815,479,516,92.8,876,930,94.2,200,345,58.0,0,0.1,-0.1,3,70,3,2,53,Matches
466,Tony Springett\35be8087,eng ENG,FWMF,Norwich City,18,2002,1.6,26,38,68.4,421,85,15,20,75.0,8,8,100.0,2,6,33.3,0,0.4,-0.4,1,2,1,0,3,Matches
467,Jason Steele\28300a16,eng ENG,GK,Brighton,30,1990,1.0,34,38,89.5,824,323,8,8,100.0,19,19,100.0,7,11,63.6,0,0.0,0.0,0,0,0,0,0,Matches
468,Jed Steer\a8a3d139,eng ENG,GK,Aston Villa,28,1992,1.0,27,36,75.0,759,560,2,2,100.0,16,16,100.0,9,18,50.0,0,0.0,0.0,0,0,0,0,0,Matches
469,Zack Steffen\42130443,us USA,GK,Manchester City,26,1995,1.0,33,38,86.8,638,313,18,18,100.0,10,10,100.0,5,10,50.0,0,0.0,0.0,0,0,0,0,0,Matches
470,Dale Stephens\653ee42d,eng ENG,MF,Burnley,32,1989,1.4,44,57,77.2,835,214,16,23,69.6,21,25,84.0,6,7,85.7,0,0.0,0.0,1,2,1,0,3,Matches
471,Jack Stephens\6adbc307,eng ENG,DF,Southampton,27,1994,9.0,348,445,78.2,7199,2324,118,127,92.9,168,201,83.6,55,102,53.9,0,0.3,-0.3,4,21,1,0,24,Matches
472,Raheem Sterling\b400bde0,eng ENG,FW,Manchester City,26,1994,23.6,722,876,82.4,10189,2123,456,508,89.8,222,262,84.7,26,47,55.3,5,4.6,+0.4,41,16,55,8,75,Matches
473,Finley Stevens\7e003182,wls WAL,DF,Brentford,18,2003,0.2,5,8,62.5,94,51,2,3,66.7,3,4,75.0,0,1,0.0,0,0.0,0.0,1,0,1,0,2,Matches
474,John Stones\5eecec3d,eng ENG,DF,Manchester City,27,1994,12.4,905,976,92.7,18686,4562,314,339,92.6,439,453,96.9,146,172,84.9,0,0.1,-0.1,3,75,2,0,43,Matches
475,Pascal Struijk\f4d296e4,nl NED,DF,Leeds United,21,1999,22.8,1059,1213,87.3,22171,6139,325,356,91.3,564,605,93.2,162,227,71.4,0,0.3,-0.3,6,60,2,0,72,Matches
476,Crysencio Summerville\df04eb4b,nl NED,MFFW,Leeds United,19,2001,1.4,50,69,72.5,751,190,26,31,83.9,18,25,72.0,3,6,50.0,0,0.1,-0.1,2,4,4,0,7,Matches
477,Jakob Sørensen\953c30b0,dk DEN,MFDF,Norwich City,23,1998,6.7,247,300,82.3,5092,1432,86,98,87.8,117,127,92.1,40,66,60.6,0,0.0,0.0,0,16,0,0,12,Matches
478,Japhet Tanganga\e9971f2d,eng ENG,DF,Tottenham,22,1999,8.2,327,396,82.6,5889,1750,148,167,88.6,144,170,84.7,30,51,58.8,0,0.4,-0.4,2,9,5,1,18,Matches
479,Matt Targett\e514ab62,eng ENG,DF,Aston Villa,25,1995,15.9,599,805,74.4,11681,5580,244,288,84.7,272,327,83.2,74,151,49.0,1,2.2,-1.2,22,67,23,8,94,Matches
480,Matt Targett\e514ab62,eng ENG,DF,Newcastle Utd,25,1995,16.0,568,777,73.1,10321,5142,251,287,87.5,247,313,78.9,57,146,39.0,0,1.6,-1.6,20,47,14,4,52,Matches
481,James Tarkowski\15ea812b,eng ENG,DF,Burnley,28,1992,34.5,802,1120,71.6,20232,7971,197,258,76.4,365,471,77.5,231,371,62.3,2,0.6,+1.4,9,82,13,0,92,Matches
482,Nuno Tavares\a65c844b,pt POR,DF,Arsenal,21,2000,13.1,584,714,81.8,9809,2847,303,332,91.3,231,271,85.2,45,80,56.3,1,1.0,0.0,9,26,10,6,28,Matches
483,Charlie Taylor\cc2d7ad5,eng ENG,DF,Burnley,27,1993,30.3,977,1364,71.6,18453,7863,458,518,88.4,361,459,78.6,140,321,43.6,3,3.5,-0.5,20,64,26,19,79,Matches
484,Nathan Tella\f1e94cd6,eng ENG,MFFW,Southampton,22,1999,8.9,112,181,61.9,1695,440,67,84,79.8,33,56,58.9,7,24,29.2,1,0.7,+0.3,7,7,3,2,12,Matches
485,Alex Telles\e73c9bb2,br BRA,DF,Manchester Utd,28,1992,18.4,887,1178,75.3,14415,5853,465,523,88.9,339,415,81.7,66,193,34.2,4,2.0,+2.0,27,50,17,6,60,Matches
486,Luke Thomas\fc027d02,eng ENG,DF,Leicester City,20,2001,21.2,1008,1256,80.3,16099,5883,507,560,90.5,429,507,84.6,53,127,41.7,1,1.6,-0.6,11,66,14,2,73,Matches
487,Dominic Thompson\235a62f8,eng ENG,DF,Brentford,21,2000,1.6,21,41,51.2,338,92,10,14,71.4,8,10,80.0,2,13,15.4,0,0.0,0.0,0,0,0,0,1,Matches
488,Youri Tielemans\56f7a928,be BEL,MF,Leicester City,24,1997,29.2,1437,1746,82.3,27111,7669,604,680,88.8,636,723,88.0,175,291,60.1,4,4.9,-0.9,40,164,29,6,164,Matches
489,Kieran Tierney\fce2302c,sct SCO,DF,Arsenal,24,1997,21.3,904,1164,77.7,17193,5517,352,400,88.0,449,523,85.9,92,199,46.2,3,1.9,+1.1,22,73,25,16,76,Matches
490,Takehiro Tomiyasu\b3af9be1,jp JPN,DF,Arsenal,22,1998,18.7,883,1085,81.4,15671,5400,404,455,88.8,376,458,82.1,89,138,64.5,1,0.6,+0.4,12,74,17,13,55,Matches
491,James Tomkins\e7ca0439,eng ENG,DF,Crystal Palace,32,1989,6.1,276,314,87.9,6692,1750,46,51,90.2,167,177,94.4,62,82,75.6,0,0.4,-0.4,2,5,0,0,9,Matches
492,Ivan Toney\e09f279b,eng ENG,FW,Brentford,25,1996,32.3,458,779,58.8,6695,2319,273,395,69.1,128,234,54.7,34,74,45.9,5,5.8,-0.8,40,58,28,2,77,Matches
493,Ferrán Torres\9e1035f8,es ESP,FW,Manchester City,21,2000,3.4,55,72,76.4,834,75,29,36,80.6,18,21,85.7,5,6,83.3,1,0.0,+1.0,1,2,1,0,2,Matches
494,Cenk Tosun\9a104dee,tr TUR,FW,Everton,30,1991,0.1,2,2,100.0,37,0,1,1,100.0,1,1,100.0,0,0,,0,0.0,0.0,0,0,0,0,0,Matches
495,Andros Townsend\b28bbd58,eng ENG,MF,Everton,30,1991,16.2,342,487,70.2,5948,2075,162,190,85.3,138,175,78.9,37,96,38.5,2,2.4,-0.4,30,18,28,13,46,Matches
496,Adama Traoré\9a28eba4,es ESP,FW,Wolves,25,1996,11.9,245,329,74.5,4223,794,125,159,78.6,85,113,75.2,31,41,75.6,0,1.7,-1.7,19,17,15,7,23,Matches
497,Bertrand Traoré\c47541e0,bf BFA,MFFW,Aston Villa,25,1995,2.4,62,83,74.7,1115,254,30,34,88.2,25,33,75.8,7,10,70.0,0,0.0,0.0,0,5,4,0,10,Matches
498,Trézéguet\3ae14ed1,eg EGY,FW,Aston Villa,26,1994,0.1,6,6,100.0,97,37,5,5,100.0,0,0,,1,1,100.0,0,0.0,0.0,0,2,1,0,1,Matches
499,Francisco Trincão\77e39b04,pt POR,FWMF,Wolves,21,1999,14.8,353,458,77.1,5918,1285,183,211,86.7,127,152,83.6,35,63,55.6,1,1.2,-0.2,15,27,13,5,32,Matches
500,Kieran Trippier\21512407,eng ENG,DF,Newcastle Utd,30,1990,4.8,190,276,68.8,3993,2093,74,85,87.1,71,102,69.6,40,77,51.9,0,0.4,-0.4,7,16,6,0,18,Matches
501,William Troost-Ekong\7ed4921e,ng NGA,DF,Watford,27,1993,15.4,440,557,79.0,11533,3675,65,78,83.3,244,272,89.7,130,200,65.0,0,0.1,-0.1,1,29,1,0,31,Matches
502,Leandro Trossard\38ceb24a,be BEL,FWMF,Brighton,26,1994,31.2,913,1181,77.3,16083,3592,468,552,84.8,302,387,78.0,115,160,71.9,3,4.1,-1.1,46,70,58,7,122,Matches
503,Kostas Tsimikas\f315ca93,gr GRE,DF,Liverpool,25,1996,9.7,512,698,73.4,9298,3200,226,253,89.3,224,278,80.6,57,131,43.5,2,2.6,-0.6,26,25,14,9,45,Matches
504,Axel Tuanzebe\2baec6ce,eng ENG,DF,Aston Villa,23,1997,5.6,197,227,86.8,4287,1116,50,55,90.9,104,115,90.4,39,53,73.6,0,0.0,0.0,0,3,0,0,6,Matches
505,Ozan Tufan\17d45fb2,tr TUR,MF,Watford,26,1995,3.7,85,122,69.7,1564,425,40,48,83.3,35,44,79.5,9,21,42.9,0,0.2,-0.2,4,13,1,0,11,Matches
506,Christos Tzolis\9f333379,gr GRE,FWMF,Norwich City,19,2002,3.7,75,102,73.5,1283,325,39,47,83.0,26,31,83.9,8,16,50.0,0,1.0,-1.0,8,3,2,1,7,Matches
507,Yan Valery\531a4aa8,fr FRA,DF,Southampton,22,1999,4.1,108,155,69.7,1899,592,46,58,79.3,50,64,78.1,8,24,33.3,0,0.1,-0.1,1,10,1,1,8,Matches
508,Raphaël Varane\9f8e9423,fr FRA,DF,Manchester Utd,28,1993,20.3,986,1096,90.0,22762,5946,230,245,93.9,539,580,92.9,212,260,81.5,1,0.2,+0.8,4,68,0,0,41,Matches
509,Jamie Vardy\45963054,eng ENG,FW,Leicester City,34,1987,20.1,192,266,72.2,3283,659,88,118,74.6,83,105,79.0,14,24,58.3,2,1.6,+0.4,19,12,19,3,27,Matches
510,Joël Veltman\dad4b285,nl NED,DF,Brighton,29,1992,31.9,1440,1843,78.1,28864,10751,468,531,88.1,774,937,82.6,183,315,58.1,1,1.1,-0.1,16,126,18,6,115,Matches
511,Jannik Vestergaard\1900032e,dk DEN,DF,Leicester City,28,1992,6.3,328,357,91.9,7332,2082,87,91,95.6,180,188,95.7,57,70,81.4,0,0.0,0.0,1,12,0,0,15,Matches
512,Nikola Vlašić\aa8e289e,hr CRO,FWMF,West Ham,23,1997,6.2,170,220,77.3,2423,413,107,119,89.9,51,65,78.5,6,19,31.6,0,0.4,-0.4,8,3,4,0,13,Matches
513,Matěj Vydra\0d4ceb32,cz CZE,FW,Burnley,29,1992,7.5,76,112,67.9,889,186,49,69,71.0,16,24,66.7,1,2,50.0,3,0.6,+2.4,6,2,1,0,4,Matches
514,Theo Walcott\1ecb65be,eng ENG,MFFW,Southampton,32,1989,4.2,61,86,70.9,842,142,36,43,83.7,22,32,68.8,2,4,50.0,0,0.0,0.0,1,2,1,0,3,Matches
515,Kyle Walker\86dd77d1,eng ENG,DF,Manchester City,31,1990,19.5,1465,1647,88.9,28597,7636,568,603,94.2,695,758,91.7,193,256,75.4,2,1.2,+0.8,13,175,20,5,86,Matches
516,Kyle Walker-Peters\984a5a64,eng ENG,DF,Southampton,24,1997,29.3,1071,1359,78.8,17488,6435,556,627,88.7,420,522,80.5,77,140,55.0,2,2.9,-0.9,23,66,37,3,124,Matches
517,Aaron Wan-Bissaka\9e525177,eng ENG,DF,Manchester Utd,23,1997,19.9,929,1113,83.5,13817,4639,553,605,91.4,299,345,86.7,48,88,54.5,0,0.9,-0.9,14,43,12,7,53,Matches
518,Danny Ward\d3ce0e89,wls WAL,GK,Leicester City,28,1993,1.0,30,34,88.2,766,417,6,6,100.0,18,18,100.0,6,10,60.0,0,0.0,0.0,0,0,0,0,0,Matches
519,Joel Ward\8a7ff278,eng ENG,DF,Crystal Palace,31,1989,27.6,1370,1712,80.0,25429,9093,581,648,89.7,621,718,86.5,153,297,51.5,0,0.6,-0.6,7,92,15,4,85,Matches
520,James Ward-Prowse\3515d404,eng ENG,MF,Southampton,26,1994,35.7,1671,2132,78.4,31243,9791,708,773,91.6,714,810,88.1,219,492,44.5,5,6.2,-1.2,70,164,23,9,135,Matches
521,Ollie Watkins\aed3a70f,eng ENG,FW,Aston Villa,25,1995,32.8,493,689,71.6,6727,1304,314,401,78.3,128,186,68.8,23,41,56.1,2,2.9,-0.9,32,30,24,1,48,Matches
522,Adam Webster\c40b6180,eng ENG,DF,Brighton,26,1995,15.9,933,1135,82.2,20125,7296,255,292,87.3,519,567,91.5,149,252,59.1,0,0.1,-0.1,1,99,1,0,73,Matches
523,Wout Weghorst\c4e87b8b,nl NED,FW,Burnley,28,1992,16.1,288,432,66.7,3598,813,190,258,73.6,66,99,66.7,12,19,63.2,3,1.4,+1.6,12,18,8,1,19,Matches
524,Danny Welbeck\ce5143da,eng ENG,FW,Brighton,30,1990,16.4,227,284,79.9,2800,435,161,189,85.2,52,62,83.9,5,10,50.0,2,1.0,+1.0,15,9,8,0,16,Matches
525,Timo Werner\49fe9070,de GER,FWMF,Chelsea,25,1996,14.3,302,399,75.7,4163,589,183,215,85.1,95,123,77.2,10,22,45.5,1,0.4,+0.6,9,9,11,2,17,Matches
526,Ashley Westwood\495945ef,eng ENG,MF,Burnley,31,1990,25.4,859,1226,70.1,17879,6040,326,372,87.6,346,446,77.6,172,366,47.0,3,3.6,-0.6,31,106,32,3,107,Matches
527,Ben White\35e413f1,eng ENG,DF,Arsenal,23,1997,32.0,1538,1793,85.8,31146,9415,512,558,91.8,816,883,92.4,197,315,62.5,0,0.6,-0.6,9,121,6,0,90,Matches
528,Brandon Williams\5e74d6c8,eng ENG,DF,Norwich City,20,2000,23.6,901,1115,80.8,16354,6032,389,432,90.0,422,510,82.7,84,148,56.8,1,1.3,-0.3,19,43,19,4,82,Matches
529,Neco Williams\dd323728,wls WAL,DF,Liverpool,20,2001,0.1,8,8,100.0,153,32,1,1,100.0,5,5,100.0,1,1,100.0,1,0.6,+0.4,1,0,0,0,0,Matches
530,Joe Willock\a3b03921,eng ENG,MF,Newcastle Utd,21,1999,22.6,438,542,80.8,7141,1720,232,275,84.4,151,177,85.3,38,58,65.5,0,1.2,-1.2,16,33,8,3,37,Matches
531,Callum Wilson\c596fcb0,eng ENG,FW,Newcastle Utd,29,1992,15.4,123,176,69.9,1784,340,61,84,72.6,44,59,74.6,6,11,54.5,0,0.6,-0.6,10,7,4,1,7,Matches
532,Harry Winks\2f7acede,eng ENG,MF,Tottenham,25,1996,10.1,573,662,86.6,11215,3226,218,235,92.8,255,285,89.5,85,119,71.4,1,1.5,-0.5,11,61,15,0,68,Matches
533,Yoane Wissa\2500cef9,cd COD,FWMF,Brentford,24,1996,14.3,191,280,68.2,2920,636,110,140,78.6,55,83,66.3,19,30,63.3,1,0.7,+0.3,8,8,10,1,25,Matches
534,Chris Wood\4e9a0555,nz NZL,FW,Burnley,29,1991,15.2,182,308,59.1,2670,566,120,188,63.8,47,81,58.0,12,16,75.0,0,0.2,-0.2,7,17,5,0,19,Matches
535,Chris Wood\4e9a0555,nz NZL,FW,Newcastle Utd,29,1991,14.7,179,320,55.9,2234,495,122,196,62.2,40,80,50.0,7,15,46.7,0,1.0,-1.0,10,18,2,0,13,Matches
536,Freddie Woodman\19e50035,eng ENG,GK,Newcastle Utd,24,1997,4.0,74,123,60.2,2481,1475,8,8,100.0,34,34,100.0,31,80,38.8,0,0.0,0.0,0,6,0,0,0,Matches
537,Granit Xhaka\e61b8aee,ch SUI,MFDF,Arsenal,28,1992,25.9,1346,1548,87.0,25063,6693,572,633,90.4,579,641,90.3,169,217,77.9,2,2.3,-0.3,35,160,45,5,145,Matches
538,Andriy Yarmolenko\849c826a,ua UKR,FW,West Ham,31,1989,3.5,79,107,73.8,1336,277,41,55,74.5,29,37,78.4,8,11,72.7,0,0.2,-0.2,3,1,5,1,8,Matches
539,Ashley Young\be927d03,eng ENG,DFFW,Aston Villa,36,1985,13.9,481,627,76.7,8593,3001,238,274,86.9,181,223,81.2,56,105,53.3,2,0.7,+1.3,12,34,10,3,34,Matches
540,Nathan Young-Coombes\f9682888,eng ENG,FW,Brentford,18,2003,0.0,0,0,,0,0,0,0,,0,0,,0,0,,0,0.0,0.0,0,0,0,0,0,Matches
541,Wilfried Zaha\b2bc3b1f,ci CIV,FW,Crystal Palace,28,1992,30.7,749,965,77.6,12150,3375,390,470,83.0,278,344,80.8,64,94,68.1,1,4.8,-3.8,44,38,65,15,116,Matches
542,Christoph Zimmermann\2d5f03bf,de GER,DF,Norwich City,28,1993,1.7,48,66,72.7,987,375,13,15,86.7,26,30,86.7,8,17,47.1,0,0.0,0.0,0,2,1,0,3,Matches
543,Oleksandr Zinchenko\51cf8561,ua UKR,DF,Manchester City,24,1996,11.6,947,1061,89.3,16231,4714,475,509,93.3,386,418,92.3,81,111,73.0,4,2.0,+2.0,16,91,23,3,98,Matches
544,Hakim Ziyech\6622454d,ma MAR,FWMF,Chelsea,28,1993,14.7,543,737,73.7,8923,2929,297,336,88.4,176,227,77.5,51,127,40.2,3,3.5,-0.5,30,49,32,10,76,Matches
545,Kurt Zouma\ce4246f5,fr FRA,DF,West Ham,26,1994,23.1,845,950,88.9,17791,4932,238,253,94.1,476,510,93.3,128,182,70.3,0,0.0,0.0,0,25,1,0,31,Matches
546,Martin Ødegaard\79300479,no NOR,MF,Arsenal,22,1998,30.9,1355,1598,84.8,23571,5463,668,740,90.3,496,562,88.3,153,223,68.6,4,6.8,-2.8,76,100,65,4,158,Matches